경찰서명,년월일,신고수,유동인구수01_06시간대,유동인구수07_12시간대,유동인구수13_18시간대,유동인구수19_00시간대,연령대유동인구수_10대,연령대유동인구수_20대,연령대유동인구수_30대,연령대유동인구수_40대,연령대유동인구수_50대,연령대유동인구수_60대,연령대유동인구수_70대이상
서울강서경찰서,20181231,317,163209.91,664969.06,915551.65,488244.82,114886.74,316351.15,480804.79,478349.74,445287.02,295631.96,100738.61
서울강서경찰서,20181230,280,153248.24,493219.24,755813.29,377149.98,109469.67,263612.2,378100.94,349042.62,339371.77,248906.01,91008.7
서울강서경찰서,20181229,349,190760.98,580557.17,809918.95,442490.16,115999.5,297489.09,433161.8,415365.49,402625.95,272091.49,87065.01
서울강서경찰서,20181228,386,202423.95,758161.96,896696.17,531185.34,109050.79,328470.32,516225.1,529795.48,485318.95,317405.09,102267.52
서울강서경찰서,20181227,304,221962.91,792231.23,881770.66,501399.42,92781.88,313515.3,512563.84,543392.99,493024.47,327452.75,114704.23
서울강서경찰서,20181226,297,207243.82,801749.07,891878.62,481239.98,99589.37,325303.68,506849.26,530317.96,487087.4,322665.52,110364.52
서울강서경찰서,20181225,296,168005.58,510404.44,792679.33,392664.45,133665.81,289158.78,390041.89,362267.91,353754.52,249332.78,85603.53
서울강서경찰서,20181224,306,186946.88,722332.6,961796.48,515593.28,113940.26,341267.71,512143.46,514634.71,478347.77,319297.65,107108.56
서울강서경찰서,20181223,324,157257.06,502651.2,765993.68,385111.16,119230.58,279886.53,387907.49,351632.51,345616.91,242122.35,84684.34
서울강서경찰서,20181222,384,209337.77,682274.2,961491.67,431304.29,130887.1,318070.24,481661.14,473271.78,455762.79,317972.84,106846.72
서울강서경찰서,20181221,392,215167.57,801881.24,974747.05,568854.51,110446.44,347902.95,550302.93,569232.3,525631.93,342762.94,114437.57
서울강서경찰서,20181220,336,218715.23,790254.1,890802.42,505933.26,99730.59,325094.8,525928.38,551242.01,494320.23,305223.26,104229.17
서울강서경찰서,20181219,326,221373.11,821322.71,927613.75,514411.02,99862.37,324746.24,528307.09,555640.11,516425.6,343436.8,116365.71
서울강서경찰서,20181218,316,217032.2,832739.31,908186,509247.15,99271.91,322627.67,520324.7,552344.06,513575.15,343777.47,115356.04
서울강서경찰서,20181217,294,215498.46,817572.61,888896.99,467408.63,96337.57,316136.68,509231.11,529890,496426.26,330013.8,111421.04
서울강서경찰서,20181216,317,160287.15,503749.94,743771.04,380742.9,106286.3,265663.42,385264.79,353229.7,351540.6,244580.69,82054.63
서울강서경찰서,20181215,320,204008.03,678916.74,1005635.22,496708.69,125402.32,327514.87,513837.72,495005.05,487887.58,329308.3,106385.04
서울강서경찰서,20181214,261,212994.77,809532.7,962445.99,569081.12,112981.18,339015.82,549999.14,568839.22,527058.08,343515.42,112707.76
서울강서경찰서,20181213,273,226175.85,811086.99,911921.15,516826.27,98757.8,329190.41,533159.65,557712.31,509317.53,327512.12,110422.57
서울강서경찰서,20181212,273,224803.11,831424.31,925950.32,516631.44,101111.13,326330.06,534571.6,558558.76,518679.11,343588.7,116034.35
서울강서경찰서,20181211,268,219533.14,836488.3,899616.15,510237.44,97446.55,324486.21,525591.22,551986.91,510658.54,341608.12,114170.18
서울강서경찰서,20181210,240,219936.03,821179.39,866760.71,469549.93,95961.29,318628.12,510933.26,530407.17,490083.42,323360.91,108128.25
서울강서경찰서,20181209,263,162255.05,524778.74,786342.33,392026.57,110538.01,274411.32,401459.34,370189.54,366667.14,255162.53,87044.09
서울강서경찰서,20181208,303,208143.5,702797.32,1015175.54,507116.44,125650.11,335128.75,525546.26,505611.93,496699.03,335342.08,109324.44
서울강서경찰서,20181207,264,226171.42,833510.85,972364.87,575092.28,113951.9,346604.92,561308.49,580480.21,535306.95,353509.24,116094.03
서울강서경찰서,20181206,255,231642.19,801423.31,873883.31,501339,99533.19,322055.72,517779.43,539109.08,497889.33,326139.61,105907.92
서울강서경찰서,20181205,261,220960.49,790540.46,858388.63,506503.27,98151.16,313383.72,512970.25,532569.2,488898.99,322519.25,108037.85
서울강서경찰서,20181204,248,224778.81,822582.91,841514.9,420410.06,90559.04,299215.53,494292.44,519372.07,477165.59,321196.98,107617.4
서울강서경찰서,20181203,226,225984.53,794179.71,886295.27,483992.26,95601.72,317709.46,513405.18,531422.67,491533.56,329655.97,111257.04
서울강서경찰서,20181202,369,150679.97,514319.61,808396.31,390290.94,108671.9,273790.3,404462.96,371009.27,366619.54,252766.1,86497.47
서울강서경찰서,20181201,337,199370.53,682111.86,911841.68,475066.26,117785.23,321412.2,498063.73,473032.65,459726.62,304567.87,93919.25
서울강서경찰서,20181130,300,229349.3,845198.79,987551.62,575589.96,108904.86,354153.3,573180.95,592352.92,540476.9,353079.88,115655.4
서울강서경찰서,20181129,248,233809.17,759227.78,886038.11,521530.76,95443.51,322034.85,519060.32,538791.68,495009.53,323923.78,106465.71
서울강서경찰서,20181128,268,234073.34,809054.9,789195.13,511625.17,95711.67,306351.44,501683.92,523465.58,486012.2,322563.76,108294.87
서울강서경찰서,20181127,263,227489.79,852730.49,811818.35,513020.45,90436.44,318413.77,519342.03,540136.72,495909.6,329681.2,111267.3
서울강서경찰서,20181126,280,229366.22,822201.47,879486.71,477378.87,96536.29,323782.74,518833.67,536726.68,495000.25,327368.92,110309.74
서울강서경찰서,20181125,261,162952.01,555360.53,859122.05,410302.95,119141.28,287745.15,428820.97,399893.53,388731.86,270052.59,93476.71
서울강서경찰서,20181124,311,212588.87,737395.48,1031386.44,513773.09,131468.24,343856.6,538460.35,520245.6,505816.37,342191.27,113220.87
서울강서경찰서,20181123,275,222298,835262.04,974615.04,579740.86,113176.07,351807.82,562287.45,578893.73,533668.11,354868.96,117389.31
서울강서경찰서,20181122,247,240935.03,851367.57,899766.38,522295.57,99862.68,335156.14,534970.48,563597.53,523264.69,342698.62,114998.99
서울강서경찰서,20181121,251,235884.25,849290.48,913152.05,519600.5,106817.31,328960.06,536344.18,560938.04,519533.07,346208.93,119308.09
서울강서경찰서,20181120,295,234853.21,848919.65,868631.6,517835.23,92955.59,324271.44,527921.89,553073.46,512457.98,343386.17,116358.69
서울강서경찰서,20181119,244,238922.25,818861.35,913854.37,493290.31,95012.39,329152.07,529657.76,545542.87,508552.25,340381.07,116820.86
서울강서경찰서,20181118,301,159355.24,544944.95,859450.06,407719.13,115978.68,288789.65,425592.58,391876.95,388791.29,267348.94,93280.65
서울강서경찰서,20181117,301,213973.38,712680.79,944001.55,498920.53,125792.78,338868.78,517615.28,490806.4,476612.51,318770.39,101266.59
서울강서경찰서,20181116,321,232701.63,847920.6,1003164.06,582438.92,112188.64,358827.33,576790.8,596969.88,544081.78,357201.56,120338.62
서울강서경찰서,20181115,355,233548.07,768692.95,830593.95,510464.82,90714.94,316374.97,513192.7,530932.42,480882.99,310582.72,100803.54
서울강서경찰서,20181114,284,241151.05,801615.07,783441.73,511518.82,97811.52,304984.97,498752.72,522235.15,485558.25,321369.37,107209.87
서울강서경찰서,20181113,361,236910.82,847550.2,821998.67,511153.48,88015.06,317257.27,519257.7,541943.38,502994.41,333365.76,114966.22
서울강서경찰서,20181112,286,240740.59,926697.68,1011549.91,486342.2,111562.93,357677.07,572631.53,587258.3,544227.71,363059.43,129092.93
서울강서경찰서,20181111,291,161740.17,573157.6,896467.46,422606.39,122516.69,294317.62,442412.39,413943.36,405162.16,278636.3,97161.77
서울강서경찰서,20181110,398,216857.91,758001.13,1040069.41,521952.92,135143.96,351374.92,548902.26,527066.69,511118.37,347173.02,116260.1
서울강서경찰서,20181109,281,222390.73,833216.82,974667.52,578063.06,114961.4,351699.08,562160.36,578832.02,533189.97,350737.23,116931.4
서울강서경찰서,20181108,274,247170.16,847719.85,908269.31,531461.03,97841.56,336924.57,537697.41,565343.72,528547.48,350167.07,118288.18
서울강서경찰서,20181107,286,239920.49,856720.78,922369.09,527191.27,106251.42,331839.01,538564.98,565194.14,526919.17,354733.54,122873.85
서울강서경찰서,20181106,295,245137.7,870467.28,959758.25,530291.76,94848.81,336777.22,554822.59,585203.03,545653.19,363645.17,124886.75
서울강서경찰서,20181105,261,249578.67,858089.74,928375.62,421002.85,94355.02,322986.33,523893.92,544556.21,509806.17,342418.47,119218.74
서울강서경찰서,20181104,324,167772.35,547775.58,828963.97,411756.87,112839,286059.08,421467.69,388771.51,387379.98,267500.12,92440.5
서울강서경찰서,20181103,340,220816.73,767888.73,1042081.42,533883.59,133249.25,357779.04,558138.53,529860.78,516114.32,351339.18,118342.24
서울강서경찰서,20181102,263,239533.08,853398.48,982388.35,577747.52,118493.09,353976.39,572363.51,591997.63,542599.36,355239.47,118564.4
서울강서경찰서,20181101,288,243304.16,817790.73,709939.7,508260.2,84750.29,300546.93,492602.07,515718.33,471700.86,310035.57,104125.23
서울강서경찰서,20181031,319,249000.4,849005.73,950267.49,528977.73,111677.49,329854.32,548244.94,576837.6,534656.99,354539.87,121615.25
서울강서경찰서,20181030,272,246976.32,847087.09,920329.82,513327.63,97456.12,326037.07,538478.28,565338.84,527274.23,351044.64,122266.49
서울강서경찰서,20181029,315,252281.52,952073.26,1026723.52,497155.83,116161.57,360294.15,583613.29,601938.16,558600.3,373746.21,134051.98
서울강서경찰서,20181028,278,166932.92,603445.09,868764.65,443465.84,122444.96,292303.94,448116.16,418326.76,414735.42,285825.55,101030.33
서울강서경찰서,20181027,326,221101.62,790522.91,1055176.03,544319.47,137945.01,357727.86,564795.07,541068.51,528554.95,359153.78,122023
서울강서경찰서,20181026,338,247922.62,871545.03,975645.83,589362.91,123525.68,352419.1,578287.4,597154.34,547880.95,361805.24,123564.26
서울강서경찰서,20181025,315,252006.91,845243.57,939387.15,532343.24,101419.14,338673.42,551281.58,576621.4,533042.89,347066.53,121057.08
서울강서경찰서,20181024,258,250506.18,864987.83,965353.49,541305.26,113669.11,338764.92,555891.94,583081.03,540692.89,364065.73,126151.62
서울강서경찰서,20181023,260,253756.15,878376.87,987325.74,536184.4,103927.7,340546.11,566771.35,594897.49,552513.63,369248.68,127907.07
서울강서경찰서,20181022,286,258215.83,868801.81,932239.63,426870.57,99631.65,322892.73,529577.96,551845.83,514324.28,345851.16,122182.42
서울강서경찰서,20181021,350,174858.68,579640.56,893814,431299.93,120400,296604.88,449064.53,417533.01,411416,286244.39,98533.53
서울강서경찰서,20181020,384,222434.95,803837.63,1083090.49,545936.91,141294.71,361915.71,578648.12,551214.62,534504.04,363564.7,124309.95
서울강서경찰서,20181019,335,254130.87,890252.32,1011502.24,591288.55,132008.17,358701.49,588415.4,612420.66,561359.62,369238.24,125186.74
서울강서경찰서,20181018,330,256671.63,849984.21,940968.35,530722.43,106353.89,339909.22,557976.34,585282.84,533126.92,335781.66,120083.58
서울강서경찰서,20181017,314,262430.89,886469.54,987412.34,548219.37,125297.27,343311,569313.07,597023.1,551670.78,368923.58,129149.58
서울강서경찰서,20181016,298,259270.22,880641.52,999256.66,536572.44,111375.23,344285.6,570104.37,594905.69,553866.13,371614.11,129760.01
서울강서경찰서,20181015,248,260628.67,871988.88,951678.07,506586.38,105843.54,336925.66,552976.73,573854.72,533828.06,359969.48,127650.99
서울강서경찰서,20181014,342,177699.63,609893.61,978862.89,444367.94,126255.09,309061.5,478562.65,445892.19,438301.36,306462,106473.08
서울강서경찰서,20181013,347,224902.73,811460.39,1095997.03,548994.7,144023.8,360674.23,582708.81,557344.16,542426.06,368315.77,126011.11
서울강서경찰서,20181012,319,262279.66,923202.5,1063666.35,611720.11,138179.81,369258.41,608743.82,637510.82,584425.85,387675.21,135233.46
서울강서경찰서,20181011,310,251704.71,874652.3,909477.17,514293.37,101238.5,332443.91,548129.71,575533.17,527081.84,343591.23,122277.68
서울강서경찰서,20181010,284,256966.88,913985.74,886254.75,486367.41,118365.08,325309.25,540352.33,566735.52,524090,348067.72,120814.29
서울강서경찰서,20181009,334,216981.32,623644.53,896685.71,462768.05,109928.32,291314.12,462122.69,450302.06,458105.57,316330.68,112143.59
서울강서경찰서,20181008,312,219089.29,742592.64,989412.06,558248.97,109634.56,329447.92,537385.8,548774.85,515293.75,346282.57,122690.89
서울강서경찰서,20181007,299,175089.01,591005.9,896833.98,426064.07,117610.22,298830.32,450829.8,418741.18,413078.02,288633.64,101430.39
서울강서경찰서,20181006,341,165455.29,552680.49,799742.73,472316.01,106437.9,286661.6,441206.77,412304.92,394904.56,265285.29,83558.04
서울강서경찰서,20181005,367,226167.91,826471.91,883287.98,471812.76,96916.08,315096.23,525512.85,548334.96,494864.58,322470.4,104717.95
서울강서경찰서,20181004,302,246737.56,899320.17,877985.81,497864.16,96123.08,324978.53,538283.01,565783.46,521036.71,351400.72,124471.72
서울강서경찰서,20181003,354,222053.19,624738.05,899719.56,485621.53,104534.86,299592.11,477695.8,458507.82,459559.9,320522.42,111887.37
서울강서경찰서,20181002,305,248655.41,866265.96,979717.76,597167.2,99082.28,350469.71,583603.83,604560.12,555405.17,369951.16,128899.68
서울강서경찰서,20181001,309,261087.41,844802.38,919133.97,501127.17,91059.78,336831.23,541396.03,566812.41,520914.05,349381.54,119929.08
서울강서경찰서,20180930,335,172478.12,572117.98,814804.92,407760.11,108965.29,288599.09,423096.9,391590.1,387854.59,270805.23,96387.61
서울강서경찰서,20180929,395,221350.33,708409.34,946435.76,514336.93,116088.43,333896.51,519104.55,494565.23,479355.13,333714.19,113947.54
서울강서경찰서,20180928,315,228582.24,763743.88,968770.05,576330.46,101872.46,338986.88,548792,561223.59,519384.96,348118.13,119184.87
서울강서경찰서,20180927,361,240201.35,892902.9,913932.64,516258.37,101462.34,327825.02,549725.16,579811.94,529787.78,354229.92,120606.73
서울강서경찰서,20180926,267,231955.17,736969.55,918725.24,515144.06,101994.78,311793.05,512573.57,520653.84,498681.71,340389.52,116858.84
서울강서경찰서,20180925,253,120818.93,518701.83,799415.64,424725.14,128703.07,260993.43,402227.77,383191.28,358379.13,242777.53,87547.56
서울강서경찰서,20180924,213,128327.52,704908.71,872069.55,381404.49,174686.45,287804.12,448029.89,438309.33,398381.51,249790.18,89851.21
서울강서경찰서,20180923,355,149219.52,535124.85,647651.68,318981.04,111297.72,236482.03,356161.2,332407.89,315544.94,220225.67,79010.93
서울강서경찰서,20180922,446,200724.35,645316.08,857338.52,435338.93,114291.41,295396.2,460567.53,440130.67,428445.57,298920.03,101096.38
서울강서경찰서,20180921,384,244296.91,879197.43,994599.03,537864.33,117321.87,347470.85,579150.25,596565.52,539359.41,356076.93,120146.52
서울강서경찰서,20180920,397,233664.94,886485.48,949879.24,534652.39,106801.58,330671.47,561167.23,593840.39,538538.78,357059.05,116741.68
서울강서경찰서,20180919,331,241856.92,849200.97,937730.7,544666.44,99454.66,323993.93,547451.26,582799.78,537803.44,360256.58,121830.22
서울강서경찰서,20180918,352,239817.65,827680.38,895869.92,530782.14,85932.26,317281.86,533453.53,564570.35,521432.09,350781.31,120848.23
서울강서경찰서,20180917,316,236552.7,806767.79,876730.24,498512.11,86338.72,312650.64,518226.58,543819.97,501723.52,338758.69,117195.2
서울강서경찰서,20180916,369,150414.87,536528.39,813584.2,383409.76,103019.22,267862.97,414622.99,380487.25,371176.16,258381.59,88533.49
서울강서경찰서,20180915,416,201125.71,701461.81,937618.63,478248.81,115966.45,316479.07,502461.1,481634.04,471877.09,321789.27,108370.52
서울강서경찰서,20180914,308,237759.39,811136.64,938675.97,561006.02,102408.21,330763.57,545752.84,571629.49,528995.76,350037.44,119132.49
서울강서경찰서,20180913,332,234907.14,819950.75,881357.01,525374.82,91017.21,314720.5,524051.73,555339.33,514792.77,344109.32,117703.8
서울강서경찰서,20180912,329,238996.24,823723,891821.87,512781.96,101152.51,312203.82,525203,553824.42,512999.31,343837.31,118246.84
서울강서경찰서,20180911,331,260690.2,921160.86,874016.77,504942.76,98233.52,325295.9,544246.85,578560.4,534099.76,357076.58,123442.75
서울강서경찰서,20180910,296,261332.72,925437,952824.44,531115.16,110589.18,346935.9,569489.72,595073.64,552474.14,368854.34,127427.96
서울강서경찰서,20180909,338,176482.83,587526.12,871393.68,450196.09,119235.86,300695.76,456771.04,417806.66,407518.43,283104.7,100607.64
서울강서경찰서,20180908,399,231618.54,781406.77,1017904.61,557796.17,136019.67,354391.76,567259.48,537587.37,520819.27,351347.45,121412.08
서울강서경찰서,20180907,357,244120.99,848896.29,963733.94,600608.12,110474.3,348672.55,572015.85,596608.96,546260.29,361218.36,122236
서울강서경찰서,20180906,343,257075.19,906867.32,971930.53,561386.09,102689.13,348252.59,578226.35,608557.68,559167.57,372453.38,128051.33
서울강서경찰서,20180905,371,262189.2,914529.27,974792.71,572503.69,108671.87,350661.89,587066.88,613389.9,564586.57,371678.04,128096.66
서울강서경찰서,20180904,318,243849.08,869792.1,948527.74,562862.77,105574.69,337326.64,563294.3,589155.15,545005.96,362242,122579.81
서울강서경찰서,20180903,302,248688.94,854643.85,882085.3,481664.67,101699.4,326342,533742.35,553811.31,508581.05,332072.49,110977.17
서울강서경찰서,20180902,405,174409.59,566440.63,843516.28,450799.35,116684.27,299544.43,446322.16,404014.76,397983,274165.78,96594.05
서울강서경찰서,20180901,432,237166.73,772399.2,996519.36,500314.62,129819.27,356636.38,545423.5,516391.13,503992.2,340287.12,113964.14
서울강서경찰서,20180831,409,250482.45,886655.77,988791.69,640210.01,118540.37,366581.46,598278.78,621588.39,563524.79,372399.19,125339.43
서울강서경찰서,20180830,306,230418.86,846954.66,909778.78,535237.42,100154.86,334214.56,549817.08,569778.53,517636.07,337965.55,112926.51
서울강서경찰서,20180829,306,227737.33,821899.92,898271.91,485693.24,102706.89,327150.21,532691.62,551522.16,497837.62,318382.32,103415.49
서울강서경찰서,20180828,389,243192.7,852176.03,909592.39,526954.37,100595.4,336508.21,549037.17,577577.66,521970,334854.71,111480.66
서울강서경찰서,20180827,282,243995.87,908259.61,884600.43,491191.22,104858.23,342492.44,545962.89,566312.93,518852.25,337481.48,112193.31
서울강서경찰서,20180826,372,175658.45,574871.54,815173.25,426644.38,116069.92,296104.11,430187.18,396287.44,388763.18,270979.8,94073.07
서울강서경찰서,20180825,379,224146.21,767888.2,1010075.58,553932.39,137838.24,356899.97,555065.66,531749.99,510340.73,346481.31,117761.8
서울강서경찰서,20180824,304,218423.4,811883.36,997861.78,655270.82,98590.28,378441.24,597145,600641.91,551295.14,349338.94,108098.23
서울강서경찰서,20180823,351,231109.84,797029.1,835461.66,474794.33,98458.76,304798.79,505652.56,526234.53,484809.75,316232.98,102309.67
서울강서경찰서,20180822,368,257000.77,866693.45,976140.37,582066.52,112504.45,349876.67,577015.14,600799.7,555938.23,363726.27,122153.27
서울강서경찰서,20180821,321,254137.03,900066.05,938298.18,561422.02,112349.02,353259.87,572339.39,596607.71,546110.38,355221.2,118151
서울강서경찰서,20180820,301,257268.28,882711.91,938094.46,522456.97,115689.41,349248.96,554773.74,576979.23,532761.17,353538.53,117653.71
서울강서경찰서,20180819,303,176502.73,564819.47,787003.06,454331.58,120069.25,299235.23,430388.09,396520.17,379789.46,263416.82,93340.47
서울강서경찰서,20180818,384,227149.83,713868.8,907219.77,536453.56,127022.56,338657.88,520956.2,496871.8,476797.72,317240.07,107249.44
서울강서경찰서,20180817,352,251986.91,858894.04,997111.86,612982.53,121225.07,360813.44,589577.49,606699.28,556197.71,364010.66,122548.5
서울강서경찰서,20180816,331,241574.17,883945.89,943761.74,527622,112839.74,336469.41,559208.68,583141.22,533817.17,350692.3,120841.51
서울강서경찰서,20180815,358,224405.88,619596.21,854430.07,481420.17,119168.46,298925.54,470927.06,455342.58,435539.42,296034.43,104019.79
서울강서경찰서,20180814,320,243563.21,846286.61,979671.33,621342.14,116353.04,352527.44,585648.9,601387.36,550068.98,362558.61,122435.19
서울강서경찰서,20180813,304,246387.51,845856.48,923699.2,520667.63,109096.71,335806.22,545055.08,561143.67,519213.06,346563.67,119840.57
서울강서경찰서,20180812,301,176196.17,557832.49,795575.53,448621.66,127979.21,293676.72,425435.78,399490.3,376534.95,260940.53,94273.15
서울강서경찰서,20180811,349,220353.45,682963.59,880812.63,549308.96,131497.61,333475.28,510556,484493.09,459490.07,307370.29,106662.22
서울강서경찰서,20180810,337,247429.23,854548.25,990012.8,635998.35,114855.99,364431.73,595663.15,607551.67,556854.61,363594.38,125136.12
서울강서경찰서,20180809,314,231249.24,839037.95,919328.55,563183.25,119428.76,337714.84,550555.8,567617.91,519705.22,339180.46,118702.88
서울강서경찰서,20180808,283,226805.8,850211.57,939346.55,625716.95,113956.57,353636.17,572072.82,593996.31,539218.96,348843.84,120462.45
서울강서경찰서,20180807,324,221715.9,847331.77,920577.53,616059.75,111099.34,347138.52,563183.85,579233.12,533408.84,350383.88,121340.45
서울강서경찰서,20180806,291,217351.04,840315.42,900534.83,573964.3,111428.95,338478.53,547086.67,566137.39,512497.97,338701.24,117945.62
서울강서경찰서,20180805,270,173660.64,539509.01,773919.49,490864.09,132231.8,295124.56,429617.29,396796.82,372723.12,257083.07,94500.17
서울강서경찰서,20180804,331,213556.89,652058.21,854405.32,562164.19,135972.61,328292.63,500155.74,472114.33,442182.38,297500.46,106074.94
서울강서경찰서,20180803,295,215538.92,777126.65,930627.11,630793.69,127825.57,347109.58,559675.87,559666.12,507384.53,334561.56,117972.5
서울강서경찰서,20180802,289,220924.15,794129.82,894895.19,598744.32,126017.72,338960.23,541902.86,552094.59,505593.19,327668.57,116564.22
서울강서경찰서,20180801,308,234627.53,884634.34,919392.51,612745.38,131867.02,348793.41,577419.58,593618.54,535912.63,343779.96,120120.72
서울강서경찰서,20180731,361,225366.6,830323.98,944345.76,640964.3,122710.83,344037.25,572871.76,590494.05,539254.9,352326.89,119418.78
서울강서경찰서,20180730,308,229047.36,874434.83,934744.96,603574.81,121673.14,343768.45,569649.79,590946.53,540578.91,353522.44,121769.63
서울강서경찰서,20180729,357,177139.12,563129.09,803511.7,505473.74,134095.71,302719.98,447989.27,420785.95,385209.53,262859.61,95703.34
서울강서경찰서,20180728,380,232508.83,721855.14,945714.85,552846.06,141157.31,337394.4,535369.21,522286.78,485475.76,322076.53,109266.79
서울강서경찰서,20180727,361,238970.66,892556.9,1003592.62,693106.6,125696.03,373018.8,614775.55,637966.34,575984.05,374735.23,126151.08
서울강서경찰서,20180726,348,238949.09,888827.2,933701.69,636062.78,115309.13,352669.81,578989.27,612877.45,551961.66,362827.04,123015.41
서울강서경찰서,20180725,329,237837.84,903801.8,950886.75,643295.13,116320.32,357010.26,590142.78,621226.2,560668.58,366525.74,124032.22
서울강서경찰서,20180724,303,233700.56,929918.86,945926.03,623452.37,113044.36,351972.83,588140.52,626406.6,562675.77,367123.2,123748.94
서울강서경찰서,20180723,305,231846.36,903224.7,914223.13,593069.62,110815.59,347221.06,569903.14,594923.36,540833.53,356688.83,122094.09
서울강서경찰서,20180722,345,179272.23,566196.26,810605.72,505214.71,134994.66,304004.77,452559.79,418148.3,389937.1,266162.66,95595.48
서울강서경찰서,20180721,389,233920.9,737634.95,960343.52,610318.94,146642.14,354059.39,554764.17,539251.76,498647.35,335547.01,113396.5
서울강서경찰서,20180720,356,241374.16,914274.35,1008309.19,700321.39,133707.27,379305.35,618169.82,644932.82,581948.87,379935.7,126387.84
서울강서경찰서,20180719,403,239575.46,916662.89,961634.1,645376.28,120942.98,363112.64,593306.56,627229.46,566436.39,368235.62,124090.07
서울강서경찰서,20180718,313,240984.45,910625.08,966822.12,644561.57,123600.17,362012.88,592713.82,624337.8,567434.76,368770.29,124237.33
서울강서경찰서,20180717,310,233794.08,911162.76,986871.72,647655.46,119133.14,363560.69,594809.05,626546.97,572651.2,375785.35,127102.73
서울강서경찰서,20180716,288,233382.38,896261.18,923749.7,598381.18,115389.25,352269.14,570197.83,598344.49,541145.95,353898.99,120646.42
서울강서경찰서,20180715,295,176365.42,564941.43,808418.97,509085.88,131165.75,303701.09,447469.95,418721.22,393244.09,268573.65,96037.86
서울강서경찰서,20180714,324,227615.64,744529.96,956499.21,601560.52,144470.18,350988.58,551438.26,534851.73,499067.53,335136.22,114353.87
서울강서경찰서,20180713,326,231872.21,869860.11,998140.56,672465.05,128993.76,363685.29,597043.42,622958.69,565053.43,368985.31,125715.01
서울강서경찰서,20180712,369,233059.02,888121.68,948416.44,607302.06,113610.24,346602.53,572897.25,605178.38,549555.66,365030.63,124136.53
서울강서경찰서,20180711,345,225570.35,911175.08,951954.5,602906.28,116139.68,346468.66,578140.77,609020.29,554234.21,364437.4,123265.51
서울강서경찰서,20180710,337,193523.02,760417.78,898656.37,569422.97,100250.34,316731.83,520595.32,543496.37,496646.28,330418.46,113981.09
서울강서경찰서,20180709,303,212017.69,809929.52,822574.28,499219.95,90937.81,309524.07,506808.65,531060.71,485723.69,314113.08,105694.05
서울강서경찰서,20180708,331,160196.73,524123.24,803645.47,455682.96,112710.88,279547.9,421514.12,393521.03,378588.54,263580.16,94285.62
서울강서경찰서,20180707,414,223239.73,737553.86,925243.15,557462.86,126358.19,334782.96,531530.81,512137.75,491221.01,333833.39,113737.75
서울강서경찰서,20180706,329,234761.9,868884.79,981414.05,667016.22,118667.81,362275.28,595395.74,614023.36,565890.5,370590.04,125342.85
서울강서경찰서,20180705,351,242033.3,898674.68,913695.22,593665.73,102331.01,347455.84,569622.73,594792.65,550845.44,361039.92,122089.12
서울강서경찰서,20180704,320,235468.8,873078.69,937685.18,612733.85,108070.75,343991.5,571185,598813.65,553318.41,361316.12,122377.34
서울강서경찰서,20180703,320,219119.81,837773.21,904888.4,599059.85,105607.5,336084.84,549164.25,572522.65,531477.58,347135.88,118963.17
서울강서경찰서,20180702,265,208016.74,839842.07,837434.75,533145.49,102491.78,323887,526437.34,545637.11,495280,320305.01,104522.59
서울강서경찰서,20180701,298,155763.74,488803.65,704522.07,407738.27,92126.93,268123.54,392631.39,354407.17,343337.48,229101.19,77218.52
서울강서경찰서,20180630,419,222091.23,699209.9,945147.41,551825.68,108578.4,332598.11,530221.62,506057.12,497306.48,332505.7,111083.35
서울강서경찰서,20180629,323,224976.54,861692.12,980652.99,685794.67,112249.55,359644.98,593540.02,617195.24,570241.81,372602.21,127730.4
서울강서경찰서,20180628,316,240490.24,857744.12,952100.58,598710.84,104472.27,341428.91,565113.22,594743.97,553895.35,364557.92,124925.22
서울강서경찰서,20180627,326,215188.7,840858.21,943763.15,599642.83,107152.2,335951.22,555403.67,584223.23,536854.29,357599.99,122356.87
서울강서경찰서,20180626,292,217498.89,859475.49,847111.39,543682.53,103276.26,324903.79,537535.76,560874.7,512720.1,325212.53,103323.27
서울강서경찰서,20180625,368,233648.69,877762.33,943348.04,591476.05,109160.24,348387.68,561658.25,589907.81,551218.59,360265.32,125720.21
서울강서경찰서,20180624,360,174944.97,538947.81,808578.61,482166.37,108358.04,295905.37,437435.3,400241.5,392237.01,273519.85,97027.12
서울강서경찰서,20180623,382,227104.6,768644.76,970533.72,584406.35,124367.19,353482.96,557555.48,531298.4,519193.66,347194.36,117678.1
서울강서경찰서,20180622,351,240815.14,873497.06,1005090.83,685442.01,127352.79,365492.81,604233.02,621662.07,576205.45,381319.78,128658.21
서울강서경찰서,20180621,351,233300.01,879209.8,950659.86,633214.84,114189.61,342077.58,575903.72,608019.14,558979.87,370337.83,126969.06
서울강서경찰서,20180620,320,231490.47,871281.13,942790.66,618405.72,116989.06,334087.68,570973.71,597338.16,552838.48,363552.76,128274.97
서울강서경찰서,20180619,327,231183.48,843844.25,920574.41,585435.72,106737.29,326865.01,552767.43,576631.36,536394.54,357750.75,123984.21
서울강서경찰서,20180618,303,231022.84,872079.61,935596.3,555216.06,109716.89,331006.61,558620.82,580135.48,534142.75,356857.72,123522.8
서울강서경찰서,20180617,332,171179.35,563753.19,811844.93,474222.79,109639.44,277395.66,443289.44,407947.16,402985.94,278953.55,100865.82
서울강서경찰서,20180616,368,222411.61,712974.57,936860.06,568174.04,123314.18,319010.74,535528.19,514556.26,495832.18,335787.89,116477.54
서울강서경찰서,20180615,356,238011.59,891000.75,997754.64,669619.32,119785.97,352533.76,605571.59,630492.53,578085.03,379038.57,130955.38
서울강서경찰서,20180614,243,225556.53,947725.86,897689.85,573309.79,109261.58,337622.95,576915.21,601655.84,544276.07,355169.24,119474.27
서울강서경찰서,20180613,362,222719.36,631214.57,885180.87,502926.92,108490.14,289482.97,490780.8,468371.27,461109.31,314888.68,109011.28
서울강서경찰서,20180612,349,225649.3,856236.47,943000.91,656777.14,116212.34,339357.56,583005.51,603925.32,551551.09,363983.41,123718.48
서울강서경찰서,20180611,323,232046.33,891663.85,924868.3,564078.23,111079.36,329502.93,564823.92,586654.62,540360.71,357373.82,122948.64
서울강서경찰서,20180610,282,160109.42,545767.77,809838.54,462067.26,114187.19,271388.46,430296.12,400270.25,393125.07,272777.98,95833.19
서울강서경찰서,20180609,361,225337.16,737860.8,956028.54,552117.64,130541.65,327688.82,544219.01,519867.06,498880.27,336183.02,114050.34
서울강서경찰서,20180608,343,234275.5,871856.33,986512.83,666181.83,120910.69,352975.55,596351.55,618115.11,569213.38,373483.97,127855.5
서울강서경찰서,20180607,310,226940.5,919599.37,947301.26,601583.71,112988.79,339150.38,577951.79,609500.66,561153.56,367850.02,126920.65
서울강서경찰서,20180606,374,227095,625116.72,858773.33,524475.76,119404.32,287825.09,482394.69,466934.58,458013.98,313254.13,107714.34
서울강서경찰서,20180605,374,203868.42,875150.1,939742.99,658804.45,118851.38,338935.97,581793.68,605276.79,550000.42,359835.89,122969.06
서울강서경찰서,20180604,313,234188.65,895340.78,916579.85,576025.15,115819.51,333498.25,564446.76,587503.63,540387.31,357051.72,123515.43
서울강서경찰서,20180603,371,173913.16,581987.59,848621.54,498534.68,127949.5,291217.86,461362.54,426214.12,413768.97,282856.87,99773.18
서울강서경찰서,20180602,381,222616.35,752893.58,995893.51,588013.85,138464.02,340119.68,566404.13,534931.56,515235.83,346862.85,117476.04
서울강서경찰서,20180601,357,243456.75,859579.85,985825.67,677903.94,141428.9,355128.98,593332.56,615258.76,564993.94,371901.27,124812.43
서울강서경찰서,20180531,315,238801.99,876630.69,917706.51,627409.02,117184.77,339010.05,573042.66,593225.74,549071.16,365089.2,124000.36
서울강서경찰서,20180530,367,234565.46,888038.03,942215.01,627916.68,144087.3,333223.94,572204.15,601730.85,553305.82,361557.85,126702.42
서울강서경찰서,20180529,321,242126.82,913215.09,914876.41,600296.19,125669.45,332703.24,570291.62,597781.77,551543.31,365063.94,127528.97
서울강서경찰서,20180528,342,249349.36,932671.54,954249.41,605188.28,144343.79,344030.36,582620.65,609548.21,559145.78,370587.39,131257.81
서울강서경찰서,20180527,298,187151.62,596946.1,870995.54,506263.18,136410.5,307144.66,467439.99,430364.09,425025.78,289733.94,105304.62
서울강서경찰서,20180526,392,237162.01,781048.67,1021177.22,604248.29,150939.4,354744.33,575776.87,553664.01,528027.57,358215.28,122334.49
서울강서경찰서,20180525,327,231191.33,865091.98,857341.1,747850.85,138584.15,343662.35,576344.31,600966.55,552301.18,362607.3,127080.53
서울강서경찰서,20180524,304,231378.77,855787.7,879269.66,614896.91,111565.62,324655.7,551908.43,576725.83,536604.28,356118.13,123821.93
서울강서경찰서,20180523,286,225960.42,921161,943632.22,601488.98,127138.69,334960.64,578136.08,606320.29,554521.48,364872.85,126367.93
서울강서경찰서,20180522,306,208343.97,639110.95,921990.92,475636.04,120153.2,284339.98,473588.53,467314.61,465457.49,321426.08,112880.16
서울강서경찰서,20180521,300,213300.39,808832.5,958675.48,624911.77,117904.54,335161.72,562904.64,569989.99,536487.56,357501.42,125850.2
서울강서경찰서,20180520,318,185221.29,582109.37,850432.91,508095.47,128260.77,299856.71,458485.9,428000.84,417343.36,289289.14,104693.32
서울강서경찰서,20180519,372,230944.08,752857.99,1031356.07,611869.45,147582.38,351626.66,570788.98,547051.42,529839.93,357099.25,123105.5
서울강서경찰서,20180518,298,221316.61,886255.84,975421.72,652806.65,149910.56,346391.76,586342.04,611272.91,554679.04,365451.66,121820.9
서울강서경찰서,20180517,266,215114.62,877071.47,886143.67,577975.18,118792.72,326636.83,561539.08,581755.83,523274.37,335458.92,108927.56
서울강서경찰서,20180516,377,232817.65,897032.4,876230.86,590791.49,139707.42,328785.3,564529.15,585424.03,527838.73,339076.95,111582.13
서울강서경찰서,20180515,425,244293.09,920660.09,979145.04,624059.93,137387.68,345701.26,586592.55,613854.59,569035.83,379467.88,136189.72
서울강서경찰서,20180514,326,238523.61,895063.1,947779.22,601260.61,125496.55,342329.76,573018.79,596372.44,552261.92,364284.06,128929.43
서울강서경찰서,20180513,306,163887.14,584134.21,900240.2,500065.76,128322.92,297520.58,468487.28,430606.66,428594.71,291222.5,103654.5
서울강서경찰서,20180512,362,217760.08,744188.9,950201.3,522974.81,134146.22,331797.08,539641.93,512023.71,489490.3,323205.8,104886.76
서울강서경찰서,20180511,348,238827.78,883260.02,1021598.85,659328.64,147666.76,357257.47,597737.49,619918.49,574476.49,377179.72,128853.49
서울강서경찰서,20180510,266,236560.84,915751.95,965364.44,623225.65,124629.51,340817,580550.47,614172.37,569775.83,378309.48,132730.18
서울강서경찰서,20180509,263,229739.91,906816.76,967497.14,613941.96,130770.43,335230.07,577165.3,607460.93,563185.7,372101.95,132159.84
서울강서경찰서,20180508,276,233759.25,923667.71,982556.13,634760.56,130534.35,346084.69,592207.24,619996.24,574867.54,377936.65,133193.27
서울강서경찰서,20180507,329,169606.68,650979.24,1036157.11,592420.98,157561.35,316096.03,518970.64,516463.27,492367.1,330847.47,116935.69
서울강서경찰서,20180506,283,146082.78,535960.16,835113.41,533383.78,151628.25,287265.9,448113.48,426728.46,388701.65,256571.87,91618.27
서울강서경찰서,20180505,336,223447.87,739866.33,970079.68,589343,174247.61,329529.17,541055.93,528891.13,499568.94,333805.4,115717.39
서울강서경찰서,20180504,278,235363.13,892862.8,1048325.06,736270.98,151948.84,361418.61,624747.22,653898.66,596568.67,393894.77,130417.93
서울강서경찰서,20180503,287,220793.59,868909.51,944434.13,613061.21,118628.3,325590.65,570535.95,594646.01,548367.79,366326.88,123178.96
서울강서경찰서,20180502,276,208554.09,899072.14,869217.35,550441.23,126939.37,315922.91,549046.45,572285.97,518840.51,333999.84,110334.16
서울강서경찰서,20180501,378,193194.21,726425.34,911870.7,509976.1,128991.05,297135.07,505222,495032.62,478054.77,324072.22,113046.47
서울강서경찰서,20180430,308,212027.46,838418.44,934929.01,603865.69,114169.26,324474.65,555868.6,570925.98,541154.83,358347.32,124374.5
서울강서경찰서,20180429,292,168406.62,597754.81,867672.27,487570.8,118092.88,293019.8,465716.8,429069.02,422314.37,291984.28,101266.15
서울강서경찰서,20180428,391,224606.43,755525.37,1021268.25,585324.41,129144.61,347843.34,574617.9,542204.28,520753.25,352425.36,119778.55
서울강서경찰서,20180427,298,235236.84,912313.94,982894.42,658494.4,124713.62,353394.1,609088.02,624529.32,574015.19,377150.15,126117.58
서울강서경찰서,20180426,336,231309,901565.95,947809.84,611681.51,109151.56,333490.36,582841.62,603540.14,558724.03,376664.46,128029.24
서울강서경찰서,20180425,299,227659.75,905297.89,951150.01,618099.63,109351.87,331435.74,584719.79,607506.85,564211.17,374686.38,130362.92
서울강서경찰서,20180424,276,213143.3,874935.84,906346.62,573815.9,94460.56,314083.96,556541.01,579756.5,540065.02,359270.92,124125.56
서울강서경찰서,20180423,258,202438.01,864122.15,821026.93,518621.07,94203.19,305440,535429.05,548126.57,498736.64,322656.6,101685.72
서울강서경찰서,20180422,349,162626.65,527284.05,787489.45,423439.05,95295.31,256877.49,421065.37,383322.45,386945.17,267137.32,90254.8
서울강서경찰서,20180421,463,216344.25,768393.05,1021112.12,587563.3,120648.92,333804.16,577012.1,544033.3,533966.19,361992.15,122011.47
서울강서경찰서,20180420,315,228187.09,886117.09,1018834.58,659936.7,111486.91,345874.02,610397.05,628676.47,582401.39,384874.42,129431.64
서울강서경찰서,20180419,265,224603.22,895605.77,941468.65,601655.58,97618.44,325765.39,576042.73,601960.74,562108.75,372342.87,127568.31
서울강서경찰서,20180418,299,225991.46,906217.78,970645.43,607521.61,104973.4,331363.87,582874.19,614169.43,571079.38,376036.82,129937.69
서울강서경찰서,20180417,285,222167.47,930559.49,940359.31,609989.81,99245.71,329554.28,582498.68,610483.16,570743.11,379761.88,130864.33
서울강서경찰서,20180416,272,221590.56,886170.85,922872.49,575830.89,98332.33,325004.06,561392.3,581526.39,545988.36,367262.11,127033.07
서울강서경찰서,20180415,270,160467.03,571916.58,852196.71,468245.53,109018.04,282984.62,446788.59,409062.93,417083.28,286600.06,101348.44
서울강서경찰서,20180414,286,202436.26,701106.43,887703.42,522482.3,114243.75,311100.87,516343.77,483755.81,475065.87,314555.17,98702.06
서울강서경찰서,20180413,303,224782.63,840569.44,957683.03,648868.27,113454.77,337304.55,576463.6,594209.25,558791.57,368568.96,123175.51
서울강서경찰서,20180412,278,224727.38,881346.04,929195.33,615971.99,100901.2,332428.47,570849.94,592735.86,555743.26,370394,128257.32
서울강서경찰서,20180411,258,215295.98,871318.52,927777.22,600407.14,107417.16,326802.71,566064.8,588776.44,544386.93,359559.71,121874.62
서울강서경찰서,20180410,309,224741.24,864820.93,918044.03,595212.55,101106.74,323916.96,557519.88,585943.67,546744.71,362081.49,125570.12
서울강서경찰서,20180409,204,216394.14,856765.41,894382.15,575745.58,102140.67,322729.78,548952.64,565949.08,530152.34,351644.96,121796.22
서울강서경찰서,20180408,292,161999,540220.06,817635.7,435553.17,112978.01,272294.83,426734.86,393613.04,388713.43,268965.73,92166.21
서울강서경찰서,20180407,379,204078.55,745308.24,990952.39,557848.48,129602.75,333952.45,550902.73,525274.84,507468.39,339606.47,111432.94
서울강서경찰서,20180406,270,226766.66,847924.66,955759.63,658151.23,113453.29,338477.95,581361.67,598728.56,562189.2,370403.13,124045.71
서울강서경찰서,20180405,279,208568.29,872617.5,890957.91,584248.57,96847.21,321070.2,565321.03,587519.01,531367.18,344892.13,109450.7
서울강서경찰서,20180404,273,211420.8,838548.63,920814.08,606494.18,109326.83,320997.46,558994.93,580781.1,538355.08,350724.63,118167.08
서울강서경찰서,20180403,344,218958.03,875551.64,905106.36,597383.04,97972.87,321303.01,560896.35,586277.7,547836.7,360358.07,122418.74
서울강서경찰서,20180402,310,215002.84,854361.63,879136.2,571197.21,99937.9,318074.93,545138.01,564700.64,527018.26,345825.12,119075.45
서울강서경찰서,20180401,294,164144.98,543396.22,831366.58,450744.78,117332.54,275064.69,433902.13,400652.31,395762.56,272490.67,94503.04
서울강서경찰서,20180331,379,215661.63,719959.39,1005908.19,571735.4,130682.23,331122.96,552977.21,529517.35,512082.19,340892.36,116042.5
서울강서경찰서,20180330,377,228750.52,855279.7,953836.07,667434,113451.76,339651.27,586259.64,603247.77,565586.78,372237.22,124915.88
서울강서경찰서,20180329,346,221814.7,843345.3,887925.04,602792.19,96299.54,320347.19,554045.36,576800.88,534394.94,354951.86,119098.29
서울강서경찰서,20180328,312,223834.9,862075.64,910884.11,595543.19,107173.54,319109.46,559677.65,585345.41,543045.5,356631.47,121412.26
서울강서경찰서,20180327,337,223428.78,856790.07,886063.73,585686.74,93639.15,314538.23,550391.9,575615.69,540771.08,357567.61,119509.48
서울강서경찰서,20180326,288,220215.93,839330.82,863900.34,565346.09,98962.78,312956.01,540078.81,556929.1,520031.73,344528.61,115374.93
서울강서경찰서,20180325,276,155063.95,551129.22,844041.24,449060.44,115961.89,275472.28,437906.57,401052,398999.73,273662.17,96294.61
서울강서경찰서,20180324,354,204552.05,707904.46,972221.41,547786.88,126414.75,323782.93,537758.63,505880.65,496556.82,331750.37,110368.02
서울강서경찰서,20180323,326,219872.71,837660.35,938647,647547.38,106700.35,336088.95,575502.01,592843.51,550660.82,359858.73,122127.69
서울강서경찰서,20180322,241,212511.16,857860.83,902208.29,594786.82,99896.66,318265.83,551906.84,581489.41,537378.06,358365.41,120118.98
서울강서경찰서,20180321,240,207763.95,810565.17,873788.64,560921.9,99493.39,305281.37,531748.55,554718.13,516241.84,334693.58,110918.67
서울강서경찰서,20180320,273,208882.84,844746.88,868794.67,563621.56,93615.4,311361.95,537258.92,560035.39,523338.79,344036.57,116460.74
서울강서경찰서,20180319,269,208399.37,843044.08,827342.13,527108.8,99086.92,310855.54,524939.37,541240.24,495104.25,324241.3,110485.38
서울강서경찰서,20180318,266,155695.44,518445.65,807181.24,439501.19,112258.37,265586.33,420956.74,384208.54,382820.18,263396.66,91655.52
서울강서경찰서,20180317,292,205094.43,691650.12,984764.68,556880.16,125027.43,321912.37,540597.25,508708.51,495013.17,335502.99,111676.03
서울강서경찰서,20180316,263,203147.54,821834.32,922550.37,640403.64,102750.61,333440.83,568667.69,578928.98,535418.57,351578.99,117206.13
서울강서경찰서,20180315,290,194404.17,850757.34,801885.17,543678.7,92419.79,308587.6,528795.56,545694.13,495442.9,318841.91,101001.91
서울강서경찰서,20180314,307,201781.01,815202.53,883019.25,594327.41,93864.15,320219,548485.2,561302.81,517571.38,339107.01,113843.84
서울강서경찰서,20180313,302,197202.58,817710.5,850553.81,560879.12,91338.16,308601.78,525486.46,547771.58,505943.74,334473.62,112795.9
서울강서경찰서,20180312,254,195607.16,811435.52,833469.98,530040.7,92373.06,306664.05,517621.69,529957.13,491157.4,324809.75,108031.29
서울강서경찰서,20180311,236,146610.28,509263.88,823484.52,435391.19,109983.22,271902.41,422182.11,380855.42,379237.42,261624.65,89010.88
서울강서경찰서,20180310,284,185912.38,653159.4,947582.12,525274.59,115302.89,308478.03,516497.09,480860.44,470216.98,316165.25,104453.73
서울강서경찰서,20180309,258,196917.84,799754.16,885914.7,594471.84,96748.13,319434.93,544585.77,558539.5,511971.7,335844.93,109993.37
서울강서경찰서,20180308,261,188863.18,815239.89,799369.86,534798.93,88330.02,300955.65,515131.47,529094.03,484088.62,318401.07,102330.81
서울강서경찰서,20180307,248,192116.83,795055.26,837418.37,554176.64,91063.82,305822.97,517264.33,535882.17,496391.42,322955.82,109453.96
서울강서경찰서,20180306,248,193501.31,811715.76,818937.83,545923.85,88505.12,306940.43,511125.43,530252.9,493804.57,328034.86,111482.62
서울강서경찰서,20180305,256,181054.8,819256.75,797404.9,515297.53,90618.28,308319.64,506383.1,518482.84,472413.64,312943.64,103918.94
서울강서경찰서,20180304,264,134023.2,456789.39,700494.38,389312.11,94961.84,248933.05,375852.07,332237.89,329024.83,224172.71,75501.68
서울강서경찰서,20180303,291,168653.73,613799.05,886891.16,496392.26,108157.76,298545.61,480556.16,448518.77,439069.99,294343.76,96599.91
서울강서경찰서,20180302,235,167313.82,718024.82,828184.4,545103.54,102043.83,306597.61,488279.73,492072.15,459716.77,306979.74,103006.98
서울강서경찰서,20180301,309,175708,495525.67,762484.37,438452.2,99402.39,257261.19,413305.12,391327.78,376807.1,252007.72,82126.12
서울강서경찰서,20180228,318,180684.07,743804.15,850632.41,564791.54,90491.1,304407.47,522059.01,534095.74,480986.62,307566.31,100356.79
서울강서경찰서,20180227,290,184014.26,762359.7,806325.07,524424.07,87132.09,298389.92,498709.78,517595.57,469653.01,304165.38,101535.39
서울강서경찰서,20180226,207,184520.83,806453.31,816847.68,508291.04,86124.66,310717.65,506084.48,520910.59,474062.43,309983.95,108278.96
서울강서경찰서,20180225,249,138277.21,469003.85,740762.59,393287.75,108279.21,260984.64,379619.28,350823.21,331768.43,229426.49,80472.67
서울강서경찰서,20180224,342,175167.79,623324.31,885506.28,491146.84,121507.09,305705.72,474564.29,454181.02,432858.03,290326.19,96036.97
서울강서경찰서,20180223,296,179725.58,746392,815330.29,557294.94,91930.4,312606.22,510554.65,514456.74,467916.56,301211.08,100122.68
서울강서경찰서,20180222,251,175040.09,753210.03,809315.64,518601.5,89205.14,302845.72,491170.04,508261.29,460148.82,302736.82,101851.42
서울강서경찰서,20180221,239,180030.98,768563.65,808251.74,513166.09,89409.38,300879.3,500413.3,508173.96,463475.93,304977.57,102733.33
서울강서경찰서,20180220,238,185587.3,781049.69,799877.52,511949.46,87179.84,303539.56,502174.67,511340.24,463328.83,305673.32,105279.46
서울강서경찰서,20180219,229,172674.31,731478.79,802166.72,481801.46,86779.94,298864.34,483622.18,483327.43,441598.71,292637.13,101342.08
서울강서경찰서,20180218,224,122887.73,445606.38,694297.66,380421.4,107772.22,248114.87,364679.02,327502.32,305694.15,213191.1,76307.83
서울강서경찰서,20180217,251,102426.63,441306.8,741506.6,399108.67,121465.84,250962.34,378619.08,349234.97,312398.45,202596.04,69120.3
서울강서경찰서,20180216,186,187702.37,794857.69,879936.2,595172.96,98420.6,328709.74,545513.06,553972.7,500630.97,322491.7,107982.29
서울강서경찰서,20180215,258,155363.94,511263.24,650161.45,349230.06,106673.47,239005.35,376547.49,346537.58,317726.92,210306.47,69283.12
서울강서경찰서,20180214,326,182889.81,767032.61,935487.74,532844.42,95810.96,327722.21,552828.83,541738.35,483705.75,314144.13,102354.15
서울강서경찰서,20180213,324,181938.83,838768.28,933353.09,591204.17,97170.06,321374.54,558032.13,589232.28,525030.62,341712.27,112769.6
서울강서경찰서,20180212,270,171209.26,799698.49,851092.81,552555.18,79278.2,309815.74,525079.18,545239.69,489897.1,320426.12,104865.84
서울강서경찰서,20180211,251,141334.97,473088.62,700742.94,378976.9,96406.69,252656.09,380416.31,339759.95,325216.97,222321.84,77414.77
서울강서경찰서,20180210,314,188963.08,649839.76,912791.92,495337.11,111898.6,309166.46,498652.27,477479.05,451009.36,301084.29,97684.71
서울강서경찰서,20180209,242,195678.97,843323.21,944541.9,633050.88,104910.75,344813.17,580471.37,593488.59,533345.37,343772.24,115841.84
서울강서경찰서,20180208,280,209381.39,921917.58,987619.15,628752.3,119071.2,359407.84,600036.88,623440.99,558117.36,364954.87,122684.55
서울강서경찰서,20180207,280,180065.11,817203.59,846500.98,557650.55,96596.44,312014.67,521172.98,549928.13,495130.86,320752.19,105867.32
서울강서경찰서,20180206,254,180367.42,819127.99,823951.7,545378.79,90284.24,308703.32,522558.76,545403.99,487296,314075.64,100554.35
서울강서경찰서,20180205,271,184620.36,823131.92,833067.47,518137.29,90268.22,312667.47,520090.42,538106.24,481684.47,312604.46,103586.36
서울강서경찰서,20180204,260,139057.3,476033.15,750760.95,400067.02,99467.93,259933.29,397514.07,356981.4,338337.37,234687.38,79043.81
서울강서경찰서,20180203,331,188082.11,665010.08,959677.29,507689.41,114339.24,319208.35,522239.33,492752.38,464173.63,309133.99,98650.62
서울강서경찰서,20180202,275,173839.2,704712.74,786352.68,542184.55,82807.61,284343.19,484834.9,498647.55,456336.47,301087.88,99077.26
서울강서경찰서,20180201,263,196519.52,804331.87,845396.83,558389.75,87839.55,313232.44,529267.57,548081.2,495926.9,323348.61,106983.24
서울강서경찰서,20180131,268,185827.24,802531.07,819437.46,557504.13,86543.52,307639.18,526006.62,541591.64,486712.58,316673.59,100179.39
서울강서경찰서,20180130,294,174932.86,792077.75,860496.31,580347.63,82891.69,309475.35,535136.17,556554.81,501382.15,318713.94,103744.86
서울강서경찰서,20180129,243,178204.55,785847.65,804426.38,504628.78,82876.34,300708.73,506283.54,518659.17,464814.81,301823.6,97985.63
서울강서경찰서,20180128,264,138867.87,464526.49,727116.06,398929.76,98340.37,256834.62,388824.71,349600.46,332247.55,227245.99,76400.35
서울강서경찰서,20180127,254,168480.12,588559.64,854546.91,482413.49,105921.84,288144.18,475566.67,446755.58,416761.67,273404.96,87491.96
서울강서경찰서,20180126,223,174381.82,765117.72,824209.71,566263.69,83115.48,310502.78,533550.48,540739.8,471035.66,298902.72,92167.33
서울강서경찰서,20180125,260,175075.88,760885.84,786954.07,530567.09,78965.04,296482.39,509944.94,520141.79,462492.02,292853.32,92640.55
서울강서경찰서,20180124,201,178757.87,777835.94,788075.48,529476.42,79966.55,299233.12,516461.33,530309.59,463839.37,291638.71,92735.44
서울강서경찰서,20180123,214,187294.82,785303.53,783427.6,520220.77,79812.74,299135.82,509356.55,525226.05,468736.68,299898.04,94128.7
서울강서경찰서,20180122,252,184937.49,765039.21,844705.4,497512.23,81179.27,302045.41,507005.42,520261.25,470305.86,308436.96,103009.96
서울강서경찰서,20180121,270,144886.88,475788.24,740608.01,413062.23,102294.09,259300.63,395734.51,359204.5,339721.81,236157.72,81977.62
서울강서경찰서,20180120,293,189950.68,622717.62,893528.85,497212.06,112180.36,299931.46,491961.97,467460.15,441442.63,293775.68,96708.4
서울강서경찰서,20180119,229,193127.26,783384.08,887127.02,590106.3,90764.07,319183.32,546622.86,553635.65,505807.42,330211.65,107557.71
서울강서경찰서,20180118,252,192883.7,776471.5,830296.71,543221.11,86932.01,302458.33,517532.77,534730.76,483988.16,312314.44,104958
서울강서경찰서,20180117,291,190686.67,771607.38,835026.22,542174.33,85359.16,301438.59,516441.97,531863.56,485033.3,315369.04,104023.89
서울강서경찰서,20180116,218,193327.3,797982.34,826607.6,536496.49,85429.5,305202.26,516963.82,540476.62,486632.72,315011.8,104733.95
서울강서경찰서,20180115,226,186961.61,785627.49,820365.73,520553.58,85366.64,304909.33,510804.88,522695.27,474026.4,310645.35,105107.09
서울강서경찰서,20180114,233,145316.91,465038.02,726255.39,400021.36,100324.2,252278.71,387171.1,351090.11,334988.4,232031.38,78798.79
서울강서경찰서,20180113,293,186578.42,607206.78,876997.09,489091.82,107630.51,294326.29,483821.61,458284.6,433215.37,287634.19,95004.8
서울강서경찰서,20180112,284,182669.01,792589.12,831329.91,561700.77,87418.97,313244.56,537170.47,546449.85,484834.31,303423.88,95785.56
서울강서경찰서,20180111,237,181649.85,761959.23,793480.82,536562.32,84101.97,294741.75,509097.14,525102.64,470692.34,297961.01,91994.25
서울강서경찰서,20180110,243,183100.77,767151.9,827417.23,531621.97,86120.06,301105.25,516506.99,528131.44,475628.14,304009.55,97835.47
서울강서경찰서,20180109,220,184939.46,747740.18,821707.63,525743.71,83506.8,295580.51,503331.47,521729.27,471384.21,305620.92,99011.76
서울강서경찰서,20180108,249,183069.43,750578.61,818523.93,496938.01,81499.23,296320.43,497779.64,510205.42,463178.33,299796.81,100377.59
서울강서경찰서,20180107,206,140660.88,463286.2,713593.03,391554.05,96707.43,248058.57,381509.89,344739.44,332341.33,228102.18,77687.11
서울강서경찰서,20180106,278,183205.72,591695.47,860464.94,480971.1,103080.47,288720.98,475681.08,449108.89,424988.02,281492.53,93301.06
서울강서경찰서,20180105,265,190138.69,764861.41,867894.29,576400.98,87655.23,314038.55,537088.01,545503.06,493899.16,317390.35,103758.96
서울강서경찰서,20180104,187,188510.42,772426.61,815017.17,527130.75,84532.32,296617.71,512002.3,528367.95,474879.39,306602.76,100119.74
서울강서경찰서,20180103,218,158640.99,662691.84,697090.95,455039.82,77388.72,268866.78,451743.26,443548.48,392180.52,252699.13,87076.55
서울강서경찰서,20180102,225,151882.5,633861.77,680146.29,433775.49,91462.34,285383.07,436585.44,423907.92,368574.95,222783.44,71013.07
서울강서경찰서,20180101,272,155708.85,376440.36,603998.85,350232.61,114096.85,248282.93,337064.17,295557.8,272922.78,166123.78,52378.57
서울강서경찰서,20191231,350,205875.62,687916.04,897305.11,605325.91,133279.53,329410.58,489083.8,527337.71,473118.91,322929.25,121318.09
서울강서경찰서,20191230,335,193501.46,712947.38,844558.05,561398.16,118709.09,308817.57,456560.61,508230.51,466476.13,325974.95,127695.22
서울강서경찰서,20191229,350,181691.59,453347.71,734010.89,450985.19,130037.61,277171.3,363615.69,362040.49,338880.39,247661.06,100694.69
서울강서경찰서,20191228,391,226074.81,586434.34,870347.8,537951.22,141307.59,318004.26,445334.17,455489.31,433225.36,308427.21,119084.02
서울강서경찰서,20191227,322,215397.94,752287.18,895475.39,628280.19,131649.91,332378.02,493811.02,549820.36,504742.1,346264.42,132827.1
서울강서경찰서,20191226,361,200680.68,780857.9,842204.45,573038.11,122471.72,322309.7,473495.09,532780.82,484265.65,333570.7,127941.54
서울강서경찰서,20191225,337,242620.8,502772.33,759592.45,485012.13,166611.7,283685.17,384111.16,392237.12,373113.25,273620.24,116677.68
서울강서경찰서,20191224,335,213440.56,759655.72,923923.94,674609.7,138269.27,352639.08,522521.93,569033.15,505828.73,348746.81,134641.62
서울강서경찰서,20191223,324,200862.31,786995.99,849417.41,575038.9,122037.1,324760.4,477832.63,537994.59,486221.67,335690.23,127821.24
서울강서경찰서,20191222,334,189119.18,490398.12,789904.68,475186.41,138211.38,292920.37,389254.81,382836.89,363937.93,268266.61,109247.77
서울강서경찰서,20191221,433,231552.53,633434.74,947883.61,571979.84,152428.42,337556.46,481040.69,495566.57,465898.19,328960.7,123465.39
서울강서경찰서,20191220,409,218712.39,785233.78,912077.36,657525.14,131374.81,341078.86,518399.49,571442.9,518948.29,358156.07,134204.06
서울강서경찰서,20191219,331,215533.84,794395.72,866676.9,599869.42,122287.77,321467.8,493686.23,555589.35,502757.27,348379.7,132361.55
서울강서경찰서,20191218,285,216458.14,795534.99,861240.71,601646.8,122266.85,314957.97,493414.23,558541.45,503967.2,348795.77,132988.91
서울강서경찰서,20191217,340,208042.1,786742.31,810706.54,571829.5,116776.24,306731.79,477262.4,539207.99,481674.9,331672.91,124037.11
서울강서경찰서,20191216,344,205975.25,795124.31,847104.74,559402.44,116873.25,310926.62,477979.55,535082.66,488653.98,343977.49,134161.68
서울강서경찰서,20191215,347,186699.08,495793.81,800945.58,468511.57,133937.33,280596.05,395790.37,391884.85,370592.72,270188.3,109039.05
서울강서경찰서,20191214,405,224898.17,643713.12,943300.35,578080.51,146247.06,325764.94,485063.33,500851.01,470209.28,335584.73,126332.92
서울강서경찰서,20191213,410,218223.53,781956.07,887394.62,642388.99,134624.5,327741.27,508892.12,564918.3,510972.29,350061.38,132806.1
서울강서경찰서,20191212,341,213302.89,809505.57,853037.85,591778.41,120866.02,314041.18,492936.47,554690.61,504631.99,347763.17,132752.85
서울강서경찰서,20191211,312,213829.84,784698.38,843947.38,582761.2,123354.1,305212.03,485986.77,544908.17,494993.29,340982.36,129854.45
서울강서경찰서,20191210,307,206733.56,780449.73,827140.37,568261,114766.59,302371.91,476106.35,534777.07,487511.29,338694.06,128404
서울강서경찰서,20191209,300,202356.49,781238.28,821379.36,543100.16,116167.34,297826.7,469342.39,524725.79,478456.55,332732.14,128886.46
서울강서경찰서,20191208,283,177745.9,482014.18,783965.08,451404.22,123919.36,271312.05,390807.66,380441.23,359240.46,263572.43,105912.76
서울강서경찰서,20191207,412,220203.87,622621.04,901694.48,552258.63,133518.54,310217.29,476252.06,480577.95,453542.83,323535.55,119215.77
서울강서경찰서,20191206,307,213005.86,791135.12,889267.28,640689.1,127119.46,325502.19,514079.43,573826.21,514681.27,349103,129844.88
서울강서경찰서,20191205,373,212487.56,795754.51,858530.62,590027.35,116196.46,310256.27,494580.23,556843.88,500368.42,348078.62,130529.32
서울강서경찰서,20191204,359,245973.73,818699.48,849867.12,586295.39,122779.63,318039.03,499879.96,557954.07,505085.22,357184.95,139964.21
서울강서경찰서,20191203,308,245098.24,828516.74,868351.67,607443.14,129353.71,324790.45,506537.68,565690.34,512714.79,363810.61,146555.82
서울강서경찰서,20191202,264,206297.39,792608.37,800275.52,542479.25,112791.56,301843.43,469164.92,526057.01,473451.36,330046.46,128352.7
서울강서경찰서,20191201,352,176576.38,479978.1,769034.95,448436.97,131773.45,274107.61,386016.66,381080.06,352430.04,250283.29,98412.06
서울강서경찰서,20191130,377,222733.03,655410.13,947778.13,570273.35,147854.53,324579.85,491287.32,505718.73,470745.51,330461.63,125622.25
서울강서경찰서,20191129,328,219477.05,805549.2,905155.67,655596.7,127930.94,334691.3,522494.81,580459.71,522501.15,360508.2,137274.48
서울강서경찰서,20191128,329,217851.37,809825.84,870036.12,596883.38,117100.01,317655.96,500379.95,560083.04,510239.28,353417.15,135802.2
서울강서경찰서,20191127,336,214125.72,801641.09,864704.89,595694.46,122345.12,311108.46,494348.36,559776.63,507079.48,347251.67,134335.64
서울강서경찰서,20191126,376,212459.98,818665.12,848648.32,578663.18,114905.3,306825.26,490060.93,554033.51,504374.97,352516.35,135806.89
서울강서경찰서,20191125,315,207620.05,812596.97,836166.1,558651.34,117063.76,310051.33,485240.85,540794.83,491946.2,339713.09,130307.27
서울강서경찰서,20191124,387,173527.92,516271.69,841608.57,462627.77,143107.41,283042.79,406424.47,410067.65,377774.1,266821.58,106893.01
서울강서경찰서,20191123,465,225372.38,680469.1,958272,586620.92,159124.94,329564.88,501738.68,518048.98,478752.04,336801.87,126782.53
서울강서경찰서,20191122,427,241031.76,842707.22,934753.01,674182.77,140927.04,349581.33,542998.27,601890.05,541759.31,371903.09,143699
서울강서경찰서,20191121,350,226797.7,859881.66,915228.27,630577.33,135566.55,343361.42,532258.23,589641.77,524132.46,364367.75,143217.3
서울강서경찰서,20191120,321,225766.47,835381.2,892917.54,620831.29,128980.88,333745.32,523209.1,577481.82,516143.77,357538.73,137862.75
서울강서경찰서,20191119,316,222967.11,823271.66,866515.69,601389.71,123815.4,326597.6,511591.55,564798.78,504600.76,348743.55,134056.56
서울강서경찰서,20191118,331,216948.53,800631.5,862605.58,584912.7,125826.61,326872.72,500192.69,545588.6,490419.89,342675.36,133584.08
서울강서경찰서,20191117,317,202223.2,532966.88,803639.24,480773.82,141215.75,302343.27,419715.31,406428.55,375664.8,266314.96,107995.67
서울강서경찰서,20191116,444,231174.46,672808,980807.89,602647.2,158998.8,350621.21,510597.92,518033.17,478662.54,338855.58,131727.67
서울강서경찰서,20191115,366,228559.16,836085.86,904946.93,645488.95,141727.61,352112.82,538045.17,584293.58,518797.76,349368.04,130792.62
서울강서경찰서,20191114,373,225273.44,817097.85,880755.03,613542.24,133604.18,333027.52,509630.74,566585.91,511813.72,347744.74,134319.4
서울강서경찰서,20191113,368,233436.68,832886.96,885015.28,590257.84,143213.52,328145.58,511165.57,565494.15,509979.56,348943.8,134709
서울강서경찰서,20191112,441,245664.54,802623.12,747436.12,537016.74,116776.5,301010.16,468534.22,517343,466178.67,328463.35,134494.24
서울강서경찰서,20191111,302,236851.87,638936.3,820473.25,621097.17,141163.67,312617.27,465169.63,507447.18,451965.46,315017.33,124042.43
서울강서경찰서,20191110,405,243008.02,621370.33,988965.65,592002.94,184304.1,362822,492350.03,487050.18,452046.55,326985.44,139861.89
서울강서경찰서,20191109,430,371496.98,899589.48,1250421.92,798222.64,241864.63,474186.2,663612.71,674170.12,620898.07,449634.73,195418.63
서울강서경찰서,20191108,368,226610.55,837507.92,945282.98,692582.42,160070.74,362769,544565.08,591205.99,529914.94,367557.26,145956.78
서울강서경찰서,20191107,367,218591.62,821680.18,904589.9,624611.28,141134.28,340424.62,514055.52,563448.95,505789.12,358891.72,145784.89
서울강서경찰서,20191106,378,218328.14,853225.32,928511.43,636351.46,152566.84,344883.36,525195.91,579346.52,517875.78,366812.7,149800.58
서울강서경찰서,20191105,371,192538.87,778730.63,814459.32,556441,104589.49,298591.17,472207.78,524279.81,477021.64,333087.04,132461.73
서울강서경찰서,20191104,349,180490.4,789257.17,833087.33,549264,103228.52,305829.28,477436.62,522156.8,478053.87,334154.09,131301.57
서울강서경찰서,20191103,367,159598.15,485775.44,804526.63,463735.59,128001.59,276956.32,388754.54,382783.15,364114.72,264041.54,109069.99
서울강서경찰서,20191102,380,196474.47,626692.19,915500.38,547658.79,136825.17,318658.62,468289.31,471114.83,445240.96,322048.83,124214.87
서울강서경찰서,20191101,379,189133.45,759454.56,883598.57,630014.56,122268.42,326532.58,499579.45,548029.31,496071.94,341591.46,128206.97
서울강서경찰서,20191031,385,201085.94,772343.95,853409.29,581175.34,105348.6,305856.95,482927.55,544787.87,496371.54,342281.9,130504.33
서울강서경찰서,20191030,377,201775.43,725483.47,772386.08,539764.27,107823.88,275349.19,444362.21,502439.9,458547.5,323534.99,127402.76
서울강서경찰서,20191029,374,194416.85,787463.03,846403.37,568212.18,106472.66,298677.25,481817.65,545407.55,494798.9,340437.22,128939.6
서울강서경찰서,20191028,305,198538.1,801642.9,828091.15,549461.82,109352.48,302071.03,479287.1,534951.34,484848.42,336285.94,130996.8
서울강서경찰서,20191027,287,162445.55,502323.88,821573.44,479877.29,129214.36,279365.63,399613.92,395474.49,377774.97,273620.92,111217.24
서울강서경찰서,20191026,423,208985.28,659652.2,936007.93,564325.07,143743.97,320553.92,487595.56,497934.25,465505.16,329420.73,124269.57
서울강서경찰서,20191025,458,211073.43,787318.86,891288.62,636130.91,134398.65,323064.85,506790.87,563886.48,510079.41,353276.81,134364.23
서울강서경찰서,20191024,415,193169.8,778505.41,847735.28,585111.65,110340.55,303810.1,483931.57,541617.12,489142.12,341908.86,133835.13
서울강서경찰서,20191023,411,203024.38,774868.73,846327.94,569741.22,123781.92,296525.68,478592.51,537538.94,490838.78,337586.43,129149.9
서울강서경찰서,20191022,415,206130.72,805921.06,850533.85,571113.12,118128.42,302447.35,485160.69,546232.6,499150.05,346742.8,135904.89
서울강서경찰서,20191021,398,199289.68,806275.09,838716.94,551212.69,111489.12,300402.21,480591.2,538831.44,490767.11,341551.97,131922.81
서울강서경찰서,20191020,414,165363.37,512143.03,811640.71,470492.29,128596.55,274598.73,398463.88,395805.97,377562.08,274933.04,109739.93
서울강서경찰서,20191019,500,216932.21,656941.23,917762.36,567990.88,145284.71,320195.85,483838.79,490945.97,464389.23,328395.63,126633.39
서울강서경찰서,20191018,426,216485.04,794995.45,890047.45,630492.81,137144.35,320311.45,510784.14,562061.24,510476.52,356299.18,135005.42
서울강서경찰서,20191017,405,209200.77,785427.75,843975.96,586905.93,110619.84,302819.34,487572.46,547700.01,498175.68,344885.59,133791.65
서울강서경찰서,20191016,338,213718.71,801448.26,852478.67,583781.16,125241.81,301191.17,490105.05,550182.81,502102.71,348587.26,134072.72
서울강서경찰서,20191015,407,212700.23,810052.13,853639.18,573107.69,118420.16,304140.2,487811.06,549857.23,501866.72,349726.97,137740.16
서울강서경찰서,20191014,371,206187.64,799640.96,823958.99,554627.55,109879.9,303768.05,478517.35,533191.69,487198.51,339578.25,132349.24
서울강서경찰서,20191013,359,168541.21,496688.57,815157.11,477689.66,129840.82,276415.13,398139.59,394885.79,374156.22,273826.71,110874.77
서울강서경찰서,20191012,521,215400.22,632446.12,896005.72,566065.81,140935.03,318894.23,473140.19,480451.13,452649.38,320865.64,123041.39
서울강서경찰서,20191011,411,210657.21,780551.12,882769.64,602322.73,128120.13,315705.12,495949.94,553816.77,503284.32,346419.82,133061.04
서울강서경찰서,20191010,379,200919.08,785386.78,821433.56,564264.53,107885.26,302845.51,478263.81,532761.24,482974.97,336109.79,131223.86
서울강서경찰서,20191009,447,227647.09,558549.75,854260,519423.86,121732.51,285669.63,442156.93,449807.87,427670.45,310492.34,122408.34
서울강서경찰서,20191008,339,206107.54,801990.44,877537.84,629250.83,118882.78,316853.98,510031.4,565951,509276.3,356597.66,137343.22
서울강서경찰서,20191007,295,200473.01,788649.18,770255.99,525700.37,106120.4,293219.04,468228.34,518059.65,465379.65,315681.38,118452.02
서울강서경찰서,20191006,459,174894.75,492735.32,797842.12,470933.8,126874.46,283641.29,394916.55,389852.78,366109.69,266417.85,108661.45
서울강서경찰서,20191005,459,213868.04,607950.84,874248.94,564140.55,136585.29,317592.54,462441.49,469956.26,440909.47,313335.55,119449.29
서울강서경찰서,20191004,437,199752.38,738276.76,871100.3,609093.38,126320.68,317363.53,486726.13,528091.4,486681.48,339083.02,134020.6
서울강서경찰서,20191003,403,208093.73,526538.06,799037.8,498684.33,119699.49,273599.33,417228.7,424216.25,399690.12,286361.16,111635.84
서울강서경찰서,20191002,427,250332.1,759853.35,811415.29,599893.01,120476.08,309235.11,494070.29,545877.08,491666.38,334962.35,125260.42
서울강서경찰서,20191001,449,215585.66,786917.98,817281.77,577752.45,110599.1,300245.55,483400.61,541201.13,490335.02,339075.69,132752.65
서울강서경찰서,20190930,402,206043.45,811562.41,801935.19,561366.4,106553.31,300941.3,480611.81,532226.86,485571.25,341943.9,133111.77
서울강서경찰서,20190929,474,176420.3,512923.15,802758.36,489218.78,121360.25,281634.13,412869.1,400675.69,376092,275973.07,112772.56
서울강서경찰서,20190928,603,221591.9,664245.18,924142.16,581388.03,134709.08,322169.16,496911.24,501330.3,468028.73,337865.06,130406.67
서울강서경찰서,20190927,455,215129.77,808031.08,891166.86,650334.48,134222.21,328585.68,519661.65,568414.94,516981.63,358019.26,138823.54
서울강서경찰서,20190926,460,211774.55,793739.46,835869.69,598651.3,108426.99,308311.54,494222.71,543894.39,499631,349520.17,136079.5
서울강서경찰서,20190925,425,211522.4,835072.02,855270.66,598467.02,116183.26,310499.15,506504.91,557371.81,509973.63,360205.7,139647.68
서울강서경찰서,20190924,481,207888.7,823736.26,841335.3,586625.28,109448.88,307053.53,497037.06,546305.21,503450.56,357316.23,139034.59
서울강서경찰서,20190923,380,200276.02,803489.14,837134.22,568501.06,106230.23,309302.49,489531.98,531374.89,489856.98,348269.79,134882.65
서울강서경찰서,20190922,384,165304.71,438859.96,678681.48,419736.03,106560.86,253791.18,351599.11,334968.83,321317.41,240576.37,93827.48
서울강서경찰서,20190921,482,216444.98,645176.72,906269.01,564714.62,129885.76,325235.5,486193.87,479843.08,456508.2,330954.38,124040.6
서울강서경찰서,20190920,462,214889.26,788654.42,890510.53,643855.39,124124.75,328632.02,516539.58,559903.92,512610,359089.13,137072.2
서울강서경찰서,20190919,414,211853.69,807300.72,844220.62,600725.3,107179.95,313440.4,499182.44,548537.2,503614.49,354887.31,137313.95
서울강서경찰서,20190918,397,214102.29,815225.24,852217.75,603175.2,116854.35,314165.79,502032.78,553188.98,504635.71,356646.22,137251.62
서울강서경찰서,20190917,422,212151.73,831235.3,841978.97,594523.24,109945.86,312675.91,500795.11,554248.22,506303.73,358260.17,137721.79
서울강서경찰서,20190916,362,198223.06,761617.5,829517.44,568723.42,107803.2,307774.25,480604.03,516361.4,475990.38,337512.28,132091.54
서울강서경찰서,20190915,433,161361.95,462357.46,769314.36,466886.07,127496.51,275142.49,383965.74,370012.9,341837.69,256445.43,105075.57
서울강서경찰서,20190914,364,143700.43,445077.54,763076.94,472989.89,132240.6,266851.69,381873.87,369598.24,335281.23,242570.54,96485.66
서울강서경찰서,20190913,323,133562.6,601300.63,852511.39,465782.56,171716.01,288175.47,419267.7,426539.59,383962.56,257456.14,106111.68
서울강서경찰서,20190912,441,203740.69,535660.16,700408.32,402901.26,122806.84,261327.7,384702.49,377482.53,348040.5,251850.18,96551.87
서울강서경찰서,20190911,517,207577.59,779419.95,970113.3,617005.19,124232.64,337108.1,537732.56,568653.08,512416.09,359439.62,134593.62
서울강서경찰서,20190910,425,214618.13,828147.08,865062.2,610028.12,102803.79,311347.84,517353.8,579167.21,518947.72,356650.34,131642.12
서울강서경찰서,20190909,463,210121.32,842056.02,903367.79,615078.03,107747.11,320561.66,519872.83,579822.23,528546.68,371689.89,142430
서울강서경찰서,20190908,486,167191.06,515323.79,822762.65,463503.26,121765.31,276612.27,410848.45,397190.01,373447.77,278800.45,110173.38
서울강서경찰서,20190907,610,202767.4,514729.75,589732.98,423536.04,89186.72,238930.68,357520.78,362979.28,349318.74,246949.48,85939.67
서울강서경찰서,20190906,498,211193.13,776179.11,920372.81,648078.23,130625.55,336012.19,527009.05,567290.23,511915.37,353067.77,129954.93
서울강서경찰서,20190905,389,205324.17,803042.55,836817.85,587010.62,108716.45,318345.16,498592.56,551234.18,493305.27,338691.04,123366.51
서울강서경찰서,20190904,391,210791.69,807434.98,803028.6,585466.26,110774.67,306064.64,495613.54,548699.77,491214.46,334282.04,120122.38
서울강서경찰서,20190903,417,216557.05,829572.55,848055.39,607402.33,104566.06,314167.5,504805.49,565982.57,515110.55,360480.37,136527.16
서울강서경찰서,20190902,443,212959.34,818097.4,824772.2,580690.34,106209.34,315564.62,495325.86,541835.2,494258.35,348983.89,134401.66
서울강서경찰서,20190901,397,180702.03,508226.33,786727.82,494976.59,127406.37,290718.36,409013.53,397283.8,367367.93,270136.82,108757.06
서울강서경찰서,20190831,535,234472.16,666588.7,928032.13,604743.93,140342.89,337462.59,511061.08,513680.96,470624.45,334222.71,126577.52
서울강서경찰서,20190830,417,227698.46,825467.13,917872.51,683674.65,122875.2,349168.6,541895.53,594670.84,535365.75,371735.79,139149.01
서울강서경찰서,20190829,421,227374.64,813662.28,818386.86,606418.16,108363.53,324289,504198.65,555507.45,501822.22,345374.67,126432.34
서울강서경찰서,20190828,420,230678.41,825715.91,885255.04,634138.88,120127.24,335074.35,522363.04,573042.32,523476,364255.73,137585.47
서울강서경찰서,20190827,384,234709.61,839586.77,849719.55,615859.99,115333.45,333832.29,518233.34,567515.33,511314.59,357941.6,135838.53
서울강서경찰서,20190826,403,237201.06,847660.32,867647.31,613238.02,129408.48,348201.25,517766.43,557602.14,507168.3,361524.18,144198.91
서울강서경찰서,20190825,404,194967.2,498398.71,755040.25,504857.15,132049.67,295506.77,405802.6,387131.07,356742.1,266244.03,109871.52
서울강서경찰서,20190824,474,237293.7,625181.26,856532.77,584619,140370.52,328323.71,479640.83,476749.54,438527.21,315970.85,124164.89
서울강서경찰서,20190823,409,246808.59,771553.36,854707.26,673542.84,143974.75,351952.61,518342.11,547931.53,490975.67,352282.28,141256.91
서울강서경찰서,20190822,415,241010.64,768222.75,816273.59,625580.65,133715.46,335996.06,495939.47,528958.4,479219.04,340834.96,136513.34
서울강서경찰서,20190821,407,246604.73,769192.82,837997.08,619785.78,137707.54,336622.95,501056.85,533701.91,483074.48,344826.85,136674.63
서울강서경찰서,20190820,360,242240.91,780656.14,824715.29,627738.18,134898.09,337058.78,499623.66,533750.66,482378.58,348313.08,139419.12
서울강서경찰서,20190819,368,233791.34,778623.68,809684.46,601253.19,135516.71,334841.81,490369.19,516521.31,469437.02,338743.53,138016.58
서울강서경찰서,20190818,406,209232.17,488570.92,723352.51,514737.59,136692.96,300295.08,402591.58,376978.29,346116.16,262351.14,110985.9
서울강서경찰서,20190817,405,240114.97,583773.59,785033.2,564493.82,140398.06,319184.77,448220.53,439818.11,406429.89,297718.95,121752.2
서울강서경찰서,20190816,356,226587,701305.89,827602.27,621107.64,136039.91,332157.22,481664.72,501527.04,459246.97,331929.44,134138.19
서울강서경찰서,20190815,429,251160.14,548716.77,741557.77,524429.85,133088.25,300711.86,429497.68,417042.6,387623.51,284311.99,113696.72
서울강서경찰서,20190814,453,242644.34,769054.93,848259.93,665596.67,132626.85,340682.09,521559.79,550415.23,492027.72,348740.17,139591.39
서울강서경찰서,20190813,441,232107.76,746985.78,808414.18,624982.62,128244.3,327231.14,490454.89,522303.43,472354.04,336371.49,135641.83
서울강서경찰서,20190812,329,222225.72,739087.64,777368.08,571600.96,120920.81,319183.51,476773.88,499628.89,451503.85,317613.44,124750.48
서울강서경찰서,20190811,410,206285.01,492420.49,732780.52,506021.25,140508.77,298891.02,404698.01,381762.01,343330.32,258191.34,110235.15
서울강서경찰서,20190810,389,238461.68,516827.18,611874.36,441283.59,111200.99,256707.51,366035,375426.15,347511.66,252672.1,99024.25
서울강서경찰서,20190809,495,228663.88,790171.9,878334.85,676471.65,124860.08,341804.27,533681.95,572402.89,512176.03,354075.7,134775.9
서울강서경찰서,20190808,417,224589.56,791316.75,845327.87,618845.97,122120.48,325095.87,506730.49,551666.78,496340.29,345492.54,132777.94
서울강서경찰서,20190807,339,223071.76,789287.68,841778.82,619631.47,124506.94,328020.02,509657.68,553479.53,490322.37,337134.17,130795.16
서울강서경찰서,20190806,368,219726.63,779594.39,839903.06,614577.07,121170.59,322830.87,503485.63,546119.74,488618.61,339357.8,132358.26
서울강서경찰서,20190805,348,218424.63,771108.39,829827.21,580506.8,122366.45,317910.48,495971.73,529691.05,471942.26,331077.52,131046.52
서울강서경찰서,20190804,376,183314.08,490479.02,745021.63,502031.05,135525.9,286353.23,403400.93,391147.32,346892.88,252204.96,105478.29
서울강서경찰서,20190803,432,226782.45,596806.11,811093.65,553905.6,138444.15,312681.07,461838.2,457650.81,409203.05,292499.12,116402.65
서울강서경찰서,20190802,473,222541.11,733839.85,857987.52,634489.24,130567.83,331919.25,510989.8,534132.92,478444.2,332499.04,130443.7
서울강서경찰서,20190801,427,217638.94,748163.3,834021.36,537910.52,123501.86,302743.08,480042.91,518481.29,464700.34,324208.86,124183.51
서울강서경찰서,20190731,395,223387.57,779573.17,812504.88,585766.63,123490.1,313238.46,494584.65,544315.86,483407.56,324278.03,118048.19
서울강서경찰서,20190730,411,218993.61,771897.96,857440.06,615698.68,119596.68,312482.95,500735,551540.85,500763.83,346425.7,132630.16
서울강서경찰서,20190729,366,212562.43,764561.27,827695.21,586714.01,118294.25,306920.82,484888.08,531032.13,480167.43,337247.06,133125.79
서울강서경찰서,20190728,365,180449.87,445878.97,703003.36,455064.8,121624.58,268583.41,375049.89,364907.55,328397.36,233622.64,92376.99
서울강서경찰서,20190727,375,211148.67,587349.78,824542.61,554572.63,137163.28,305147.37,456671.79,459281.71,413449.2,291559.69,114472.84
서울강서경찰서,20190726,420,214378.09,777229.14,807090.48,599156.56,115855.73,319677.73,504058.39,547475.12,478365.68,317871.76,114688.1
서울강서경찰서,20190725,403,219048.62,783679.56,815476.2,582011.68,116091.65,310025.88,491798.25,547141.19,482675.72,329483.32,123141.93
서울강서경찰서,20190724,373,222504.74,813249.78,832108.91,597246.78,116301.77,317261.65,498067.36,561849.62,503120.93,340494.71,128151.65
서울강서경찰서,20190723,436,222632.23,795367.35,844332.53,611537.45,116141.75,318049.52,496640.8,560652.57,504549.94,344882.77,133086.67
서울강서경찰서,20190722,441,217052.68,790357.24,833681.25,592958.6,116269.27,317825.94,487703.69,543567.5,493317.75,342035.23,133470.62
서울강서경찰서,20190721,382,180902.53,482796.08,762236.05,477896.79,133754.41,281212.81,393986.72,389389.08,351623.36,252198.58,101837.59
서울강서경찰서,20190720,486,223594.98,615072.79,845384.05,556811.78,139716.94,310170.01,459760.69,475922.38,432998.62,306360.73,116075.82
서울강서경찰서,20190719,440,229730.81,802619.78,890451.24,655878.94,130707.82,338550.45,521808.05,576080.34,518051.88,357556.07,136060.57
서울강서경찰서,20190718,428,226700.7,801843.53,846255.99,615404.39,117611.11,324874.2,500072.54,559922.37,505478.03,348233.5,134160.27
서울강서경찰서,20190717,416,229035.3,795311.36,858214.68,611243.23,116906.1,323279.43,501219.55,559036.12,508480.24,349581.89,135439.91
서울강서경찰서,20190716,402,219093.67,792666.6,825831.63,596234.22,111878.4,317846.02,489662.56,546973.65,493436.35,343876.18,130281.62
서울강서경찰서,20190715,401,220781.28,800661.42,827482.28,589446.88,115380.21,320166.52,490604.86,543174.15,494176.79,341750.54,133259.43
서울강서경찰서,20190714,412,187681.49,500097.25,775784.59,506534.06,136498.97,293941.96,404858.86,397334.78,364147.7,265258.73,108210
서울강서경찰서,20190713,467,237592.85,659578.85,875567.17,578865.44,146967.95,331004.66,484715.6,494300.12,451550.69,319461.17,123737.52
서울강서경찰서,20190712,484,231832.04,800030.6,908805.23,675718.99,128330.16,341084.75,534179.91,586681.85,526649.15,359693.34,139906.7
서울강서경찰서,20190711,460,217833.08,776706.11,825486.49,589935.7,110789.64,315937.27,488293.06,542696.9,487366.88,335756.57,129260.68
서울강서경찰서,20190710,440,230784.17,804460.32,854946.98,605303.69,117262.54,321345.81,504480.6,557575.01,508389.75,350372.52,136210.52
서울강서경찰서,20190709,377,231305.49,824620.77,839499.74,609182.3,115236.41,319366.11,505141.04,564891.09,510768.7,351754.93,137594.31
서울강서경찰서,20190708,382,224509.68,810965.39,821283.11,585934.96,114491.1,322507.08,493505.97,542780.77,495035.79,341465.81,133048.21
서울강서경찰서,20190707,442,188953.77,511352.2,780154.63,504269.72,129746.18,291041.75,418311.1,403115.54,366892.28,266733.76,109056.21
서울강서경찰서,20190706,466,239102.63,660176.1,879044.84,587096.76,140614.42,328882.75,496435.1,498509.33,455291.29,322824.2,123010.33
서울강서경찰서,20190705,472,232912.42,799741.38,888526.02,676341.67,134969.08,340800.34,529443.73,580458.89,520251.93,355881.6,135858.77
서울강서경찰서,20190704,408,231546.22,810819.18,839875.24,614774.23,116643.25,324220.56,506842.23,559996.7,505296.28,349265.56,134889.18
서울강서경찰서,20190703,422,232532.86,813609.06,851679.07,599364.02,117618.96,319412.15,507741.6,556113.88,508299.12,351163.1,136981.08
서울강서경찰서,20190702,438,234505.89,803874.09,843558.85,614978.37,111279.48,324621.79,506189.57,557135.14,507725.21,353019.46,137079.88
서울강서경찰서,20190701,392,230652.41,807303.93,835192.16,598704.37,109892.76,325679.06,500983.99,546925.76,503342.9,348693.43,136475.32
서울강서경찰서,20190630,475,193418.82,514951.91,792741.91,499472.55,114677.11,298784.63,422169.78,404629.41,375265.09,274518.42,110711.33
서울강서경찰서,20190629,540,236112.66,630728.04,875302.27,577543.13,122448.04,328069.99,489583.28,490208.79,450414.24,318918.64,120201.91
서울강서경찰서,20190628,439,238442.67,807985.82,900859.41,676508.88,114881.45,347332.17,535790.4,588458.13,530476.39,366756.01,140231.55
서울강서경찰서,20190627,459,230618.12,813789.15,864738.3,622396.16,107366.56,331636.46,516646.98,567873.82,515211.93,354695.98,138239.66
서울강서경찰서,20190626,446,236814.32,824077.57,878827.38,628995.61,112527.51,333371.3,521481.06,576508.78,523379.93,361514.49,140057.74
서울강서경찰서,20190625,505,237239.97,832029,868819.48,629971.53,107632.62,334661.4,520350.22,575980.62,524209.76,362686.47,142682.8
서울강서경찰서,20190624,464,233549.3,825504.35,843374.52,606055.08,110471.62,336666.02,509846,558971.96,503682.48,351120.68,137868.29
서울강서경찰서,20190623,465,198724.41,525918.23,810077.75,526791.34,126468.17,309042.03,432601.54,417084.34,383369.45,279563.32,113556.7
서울강서경찰서,20190622,532,241668.23,690841.81,949934.24,615458.07,139298.81,346655.53,524488.6,523601.34,485021.81,346530.7,132454.56
서울강서경찰서,20190621,548,240169.92,804223.23,906006.18,682769.4,118920.17,341707.82,543572.72,592437.39,530882.32,364451.29,141334.84
서울강서경찰서,20190620,528,240534.09,826114.87,876743.03,635712.46,108160.52,328507.21,526442.3,581433.83,526248.79,365452.69,143006.02
서울강서경찰서,20190619,422,222702.75,787984.98,855396.08,614564.53,109947.41,309644.87,510665.68,556715.22,506502.79,350203.24,137110.29
서울강서경찰서,20190618,379,240611.58,840830.34,851090.66,587120.54,105020.65,312516.82,517336.19,575736.59,514804.94,356546.85,137829.67
서울강서경찰서,20190617,435,229732.26,823342.68,848209.37,598559.53,108300.64,315917.06,511617.74,559731.19,508228.05,356223.26,139966.61
서울강서경찰서,20190616,407,193720.78,504833.35,793531.19,515137.43,123551.6,279766.55,425697.6,405445.35,381597.02,277451.1,113880.87
서울강서경찰서,20190615,389,245667.74,687553.52,904610.25,588056.44,136150.76,323535.57,507890.86,511089.54,475618.66,339980.38,131763.02
서울강서경찰서,20190614,466,237903.98,812007.2,909466.37,676722.94,123792.42,330945.78,544742.1,593488.3,534314.77,366431.29,142521.35
서울강서경찰서,20190613,366,242931.32,823690.67,878425.02,635993.79,110230.89,321559.49,530824.9,586590.49,522504.45,364548.5,144921.83
서울강서경찰서,20190612,438,240651.86,811887.55,873479.17,632005.62,119248.08,316476.93,527976.64,576936.74,518885.36,356987.34,141648
서울강서경찰서,20190611,427,241801.77,832199.41,864294.83,626811.95,112354.38,313857.2,524210.59,580074.14,523471.49,365839.01,145446.39
서울강서경찰서,20190610,335,223721.82,842740.14,832795.52,598344.34,113866.83,311572.46,517176.35,564249.93,501658.21,350754.95,138467.76
서울강서경찰서,20190609,394,193548.74,518336.99,787984.35,489348.36,128129.26,277000.97,414793.05,406426.42,377151.22,273359.5,112523.73
서울강서경찰서,20190608,470,234892.93,667120.43,890196.02,578682.08,141286.52,314527.43,495043.85,493700.02,462424.73,332266.17,131800.32
서울강서경찰서,20190607,368,203685.83,731534.28,849292.93,609565.88,118535.46,309116.9,496443.84,525556.29,480854.95,335167.52,128549.82
서울강서경찰서,20190606,413,253075.25,615477.12,840947.59,506292.09,134150.17,283623.69,452858.76,465569.29,440398.27,316226.07,123111.93
서울강서경찰서,20190605,434,240899.45,823211.86,919156.04,694379.73,138602.68,331668.29,548646.41,607888.07,536261.06,370030.72,144682.48
서울강서경찰서,20190604,399,243366.42,829007.13,855324.84,614174.33,110403.35,311834.65,516628.34,577227.07,521718.5,361470.77,142727.9
서울강서경찰서,20190603,398,229350.51,832319.08,834080.39,591048.17,114851.03,311381.06,508579.18,557359.68,503570.72,351003.04,140195.38
서울강서경찰서,20190602,374,196815.05,529921.5,816645.44,513124.56,135983.16,290718.82,429381.1,418481.7,385585.81,281195.53,115335.67
서울강서경찰서,20190601,429,242545.62,665655.26,905749.33,594257.89,142406.75,323604.1,505708.95,504185.92,467276.71,333793.79,131393.51
서울강서경찰서,20190531,410,280907.58,917512.56,1053792.25,791062.27,192286.61,392349.1,614648.25,669687.56,595191.41,411446.29,167795.4
서울강서경찰서,20190530,444,268819.87,925302.21,995623.91,720476.35,166357.07,365621.92,585848.4,648059.45,577462.83,401461.3,165549.05
서울강서경찰서,20190529,459,277478.55,937079.74,1014423.48,739477.02,182268.79,368673.96,595492.12,657620.71,588280.54,408144.79,168127.31
서울강서경찰서,20190528,442,266311.69,934335.19,1009666.31,722590.03,163716.08,366673.46,591540.87,650664.34,584290.71,405361.34,170802.65
서울강서경찰서,20190527,338,258886.24,921569.17,919058.41,654745.27,170909.8,356546.26,559537.62,607123.53,540125.02,371816.82,148348.09
서울강서경찰서,20190526,426,235203.77,611047.49,918368.69,615573.54,173614.91,347732.61,497155.01,477753.09,436346.34,314394.19,133363.09
서울강서경찰서,20190525,482,284656.85,804487.75,1033380.39,700024.44,196471,389803.87,580911.25,589863.38,535488.92,377389.45,152779.65
서울강서경찰서,20190524,416,281090.73,947283.5,1054573.53,789686.69,197163.5,393523.04,622315.86,676678.29,599722.07,414077.64,169288.3
서울강서경찰서,20190523,400,269841.47,917302.65,992332.32,723556.85,172072.55,364836.6,584997.97,642342.97,573676.87,402066.77,163190.54
서울강서경찰서,20190522,382,257116.03,887049.98,998679.14,716544.22,190849.38,350256.52,568388.94,629925.78,565281.08,393237.27,161600.91
서울강서경찰서,20190521,417,255679.86,887436.13,944976.17,680167.23,157353.07,344676.92,553171.03,612359.67,552147.07,389709.07,158979.23
서울강서경찰서,20190520,389,239572.81,849622.65,924908.7,647767.09,162806.45,335670.96,533566.93,583233.01,525290.41,370146.04,151313.59
서울강서경찰서,20190519,408,212999.55,534613.95,803004.17,517214.51,146043.34,308235.15,433070.09,415712.95,380205.96,274325.31,110407.55
서울강서경찰서,20190518,500,260080.07,713522.9,965626.28,634140.67,166158.89,355930.56,530816.55,534611.73,495339.87,350070.08,140598.32
서울강서경찰서,20190517,471,238567.97,822612.92,945033.57,695915.71,159146.06,343139.52,541466.04,596530.78,537891.32,373777.6,150339.7
서울강서경찰서,20190516,427,235655.37,836036.46,861796.29,635912.01,122850.97,320758.4,518951.21,574528.47,521291.64,364490.98,146672.44
서울강서경찰서,20190515,540,228611.54,817456.28,853072.3,621121.79,150615.31,308401.58,503331.22,556815.22,506019.18,353518.36,141711.89
서울강서경찰서,20190514,341,224615.85,811287.83,834563,603741.41,117196.95,306998.57,498503.65,549806.36,505523.42,354337.36,141999.96
서울강서경찰서,20190513,374,222645.29,813796.96,820788.84,566553.63,119676.25,305987.8,487137.48,539417.57,491687.07,342777.83,137252.65
서울강서경찰서,20190512,365,188068.3,547750.19,822131.48,493132.83,137833.02,292026.15,415459.07,409846.42,388589.15,286579.45,120926.22
서울강서경찰서,20190511,456,233163.57,698984.99,927990.94,583434.19,154257.57,334891.66,499885.98,511044.42,474303.93,336130.74,133226.3
서울강서경찰서,20190510,410,220414.67,808823.28,895935.45,658598.25,142981.76,326551.79,522031.27,572077.18,517394.19,359820.83,143075.74
서울강서경찰서,20190509,360,215353.99,803647.94,844357.13,601784.17,113052.65,304358.12,494742.39,553769.59,504435.67,353521.59,141423.17
서울강서경찰서,20190508,363,222263.61,835954.65,883013.07,639281.35,130908.42,311235.63,520011.4,579694.5,526541.8,365712.55,146554.64
서울강서경찰서,20190507,349,212418.52,810822.91,853558.12,602036.7,118376.22,306931.53,498807.64,555339.56,503233,353697.3,142602.14
서울강서경찰서,20190506,329,189883.25,571177.21,900423.87,537674.52,152026.07,288183.15,440418.95,460092.52,426470.69,307443.2,124696.85
서울강서경찰서,20190505,362,171129.66,526092.74,853305.63,546937.9,162341.44,291678.3,432268.8,432073.23,384216.11,277806.91,117264.27
서울강서경찰서,20190504,404,229125.59,665184.16,919769.97,568248.67,160096.59,318991.64,484900.94,502948.21,455566.2,327787.49,132203.45
서울강서경찰서,20190503,377,224746.14,814865.43,923583.96,675856.1,146701.86,332855.59,531897.49,584958.3,530530.92,368767.72,143492.84
서울강서경찰서,20190502,377,213275.04,818932.81,851683.18,599105.93,119357.6,310070.11,501151.78,553567.52,503395.98,353921.56,141696.03
서울강서경찰서,20190501,402,224852.68,664671.21,882009.19,529995.16,153361.08,285310.77,469774.76,489376.06,448465,324729.84,130684.41
서울강서경찰서,20190430,381,214539.14,810765.33,842647.75,592483.98,110017.23,300656.08,498367.32,553409.72,504701.22,353510.16,139931.84
서울강서경찰서,20190429,331,217936.6,808970.28,818395.64,571371.21,113971.35,299433.4,490297.86,539835.06,491155.08,346184.69,135960.81
서울강서경찰서,20190428,404,188067.94,521342.52,824244.76,489768.92,118938.34,286310.56,426915.85,406807.93,385317.41,284280.12,115028.35
서울강서경찰서,20190427,385,232092.15,695994.6,948554.21,584468.04,132792.62,335264.44,518849.49,510713.06,478225.55,348805.68,136618.2
서울강서경찰서,20190426,361,219471.04,813441.22,875329.88,647208.11,120911.49,326505.82,529479.99,575586.35,517553.95,352672.81,132893.65
서울강서경찰서,20190425,361,228030.59,808411.16,848575.84,595553.23,109059.43,306307.41,511286.29,560576.72,508546.09,350910.84,134045.14
서울강서경찰서,20190424,359,211102.69,807120.04,849520.05,603433.75,113632.72,301896.63,508261.74,557152.43,502712.37,350202.92,137480.45
서울강서경찰서,20190423,389,216659.62,810707.63,831737.14,582931.03,101658.24,294380.6,497927.02,551479.85,506169.35,353322.95,137261.49
서울강서경찰서,20190422,363,210675.46,820144.62,830945.96,578062.79,104758.89,298208.74,495232.49,545060.76,501572.64,353601.45,141553.81
서울강서경찰서,20190421,368,180308.44,492452.16,783956.88,484118.78,108940.3,263377.29,409251.96,391912.4,375178.24,280635.61,111717.08
서울강서경찰서,20190420,444,230732.6,657172.78,900351.5,554329.48,120830.48,307317.51,493867.3,488790.72,464399.91,336338.42,131210.95
서울강서경찰서,20190419,440,228687,792005.61,877944.94,652005.1,115511.14,313719.56,523473.96,570889.16,522318.95,365109.46,139780.33
서울강서경찰서,20190418,320,231907.24,815114.49,835117.02,599785.48,107188.11,304233.82,506301.69,558836.06,509069.6,356307.48,140154.89
서울강서경찰서,20190417,382,237518.04,838678.33,891844.72,637616.31,124427.55,311397.92,525204.79,586807.15,532467.49,375678.28,149840.64
서울강서경찰서,20190416,371,234917.59,836339.66,862951.51,612756.26,110959.64,308796.59,514389.62,574318.2,523099.22,368453.92,147113.71
서울강서경찰서,20190415,328,227683.77,827416.49,846654.76,593085.76,113522.42,308233.35,503772.85,554015.67,507363.19,362786.2,145310.45
서울강서경찰서,20190414,298,191786.81,483161.98,741341.44,479545.29,117941.03,273166.97,395116.99,377607.67,363960.57,263515.77,104709.21
서울강서경찰서,20190413,454,244303.26,696142.95,986840.88,610137.93,142583.91,331657.47,528086.47,531348.78,500609.68,360903.61,142397.51
서울강서경찰서,20190412,352,238315.43,799893.69,899674.23,671634.24,134043.18,324034.2,526118.58,577711.83,530573.13,371662.47,145541.52
서울강서경찰서,20190411,326,237152.97,815883.22,862434.7,624450.94,115595.53,313267.59,515182.54,565222.29,518382.43,366141.6,146298.12
서울강서경찰서,20190410,321,226281.04,809970.23,815103.25,601015.84,126349.09,304239.92,496978.97,550790.13,496717.03,344747.03,132719.51
서울강서경찰서,20190409,286,224470.47,807321.63,825823.71,594675.35,110700.43,299852.18,495303.83,553172.71,503260.61,352756.35,137419.93
서울강서경찰서,20190408,364,219801.51,813830.41,836766.59,589975.26,118519.55,307193.62,496885.7,544702.74,499132.51,352425.14,141673.92
서울강서경찰서,20190407,324,191863.46,532565.65,898897.5,517936.3,140293.24,293795.15,442406.01,436197.28,408122.81,297804.49,122830.15
서울강서경찰서,20190406,413,236339.23,676232.13,909598.23,550795.07,140704.88,317968.27,494964.6,498820.11,462792.65,329144.35,128723.52
서울강서경찰서,20190405,354,231958.03,819273.62,915597.11,675013.48,140543.36,330370.16,535900.93,589703.29,534489.51,368499.14,142501.73
서울강서경찰서,20190404,324,232870.74,815767.78,852136.46,621157.25,114643.36,309942.3,510074.63,567412.35,516713.29,359568.93,143738.8
서울강서경찰서,20190403,393,216983.95,762371.22,782675.77,561792.62,112697.77,276979.64,467550.48,522249.12,476793.58,335085.61,132634.9
서울강서경찰서,20190402,366,210716.74,749017.99,778340.74,559133.11,104294.87,272441.64,463645.76,516699.02,475295.59,332643.22,132344.86
서울강서경찰서,20190401,336,205970.01,746120.2,755919.25,539542.29,101087.41,271746.64,456476.4,503160.48,461725.12,323871.19,129667.85
서울강서경찰서,20190331,307,159524.06,580360.17,888815.12,419883.58,117550.45,282318.5,429570.19,405544.87,395794.38,302878.85,115030.02
서울강서경찰서,20190330,375,210119.36,748486.72,979212.19,514694.48,125649.43,326389.53,517182.85,504444.96,486620.05,362711.15,129619.81
서울강서경찰서,20190329,366,241161.84,864114.85,881313.88,599796.24,97415.68,335035.57,541995.46,576471.82,526133.35,375397,134039.1
서울강서경찰서,20190328,324,236759.03,870453.65,914727.98,480143.63,86263.51,314622.26,519055.85,560722.66,515073.57,370475.63,135976.32
서울강서경찰서,20190327,328,231300.18,854945.26,932251.53,524648.62,94278.53,317982.66,525307.38,568664.26,524991.8,376178.31,135837.91
서울강서경찰서,20190326,325,246625.65,887459.94,864825.92,555023.24,90313.92,320668.61,528620.88,568013.67,526501.95,379030.19,140879.62
서울강서경찰서,20190325,295,244124.64,874560.83,909469.62,503843.42,94759.83,318344.95,523974.49,558797.75,520392.47,373739.34,142081.34
서울강서경찰서,20190324,296,159552.77,582922.64,885049.83,420760.55,119308.61,280615.59,431438.4,405698.41,395819.06,302362.67,113153.05
서울강서경찰서,20190323,378,211044.83,764045.12,933512.32,511218.15,124426.23,323333.91,507368.14,498398.44,482886.1,356262.68,127251.17
서울강서경찰서,20190322,366,246039.39,870139.86,921092.31,597268.8,102409.85,339564.96,549215.79,583748.85,535579.2,385063.74,139056.25
서울강서경찰서,20190321,337,237783.55,874753.82,923436.19,514455.83,87147.88,321761.82,530811.4,571224.35,524219.9,376746.08,138622.18
서울강서경찰서,20190320,454,227205.92,845077.85,923101.45,518788.8,97251.18,312997.49,516013.47,559710.38,522540.81,371864.61,133904.08
서울강서경찰서,20190319,393,240862.22,856072.55,915487.72,524453.26,87327.19,318026.48,521971.98,563224.69,521568.32,380411.5,144449.49
서울강서경찰서,20190318,346,244099.15,864746.22,911240.81,498260.83,86575.49,321287.86,522784.67,557961.27,516284.39,374757.75,138789.02
서울강서경찰서,20190317,291,159501.85,577793.06,892565.19,418998.85,115792.25,284021.4,427702.02,405391.35,395769.72,303395.01,116906.95
서울강서경찰서,20190316,403,209199.24,732927.2,1024903.89,518175.29,126872.61,329445.16,526997.6,510491.49,490354.04,369159.62,131988.47
서울강서경찰서,20190315,375,236291.03,858102.22,941052.26,602326.21,96611.79,340991.9,552642.7,590647.72,537593.35,382996.65,136380.13
서울강서경찰서,20190314,311,238807.88,879053.75,932144.22,548767.84,88032.2,328901.34,542566.89,581725.98,533366.19,383016.52,141267.94
서울강서경찰서,20190313,332,235397.05,864819.43,941389.42,530492.15,91305.89,322967.79,534601.31,577618.11,527442.79,380492.01,137771.72
서울강서경찰서,20190312,312,236198.26,850698.64,899583.51,521111.87,84949.13,316021,518250.7,562332.69,521200.46,371271.84,133654.74
서울강서경찰서,20190311,298,244158.67,886284.1,904749.56,492964.76,89079.49,320835.78,524142.57,562999.41,518887.73,373875.49,138420.1
서울강서경찰서,20190310,314,161150.91,550105.22,830272.14,411262.48,110336.65,279607.8,410419.2,384577.9,377724.83,284888.43,105349.44
서울강서경찰서,20190309,331,207116.58,744578.31,1023588.5,527573.01,123550.13,330663.15,531339.79,516678.58,496442.12,369535.4,134750.52
서울강서경찰서,20190308,385,236132.3,831195.09,1004082.42,598861.75,95464.98,346888.77,559469.19,591628.38,543735.68,388908.67,144262.85
서울강서경찰서,20190307,337,237333.59,863875.13,934188.47,541022.3,85487.55,326110.64,535823.65,575212.52,528691.95,383273.87,141927.07
서울강서경찰서,20190306,324,235105.12,850790.29,890796.56,522764.42,88170.85,320244.01,520159.32,559655.75,511825.44,367427.71,132073.72
서울강서경찰서,20190305,281,236355.59,851162.25,893460.93,507849.69,86404.77,314664.04,512793.69,558485.41,514491.14,368288.98,133796.54
서울강서경찰서,20190304,277,234612.31,843228.22,897738.16,493814.95,97050.81,315567.91,506402.91,539031.16,507598.51,367972.68,135863.64
서울강서경찰서,20190303,316,147809.06,547150.97,834383.51,398485.91,112244.12,273677.45,401658.21,381535.62,371566.5,281444.95,105814.01
서울강서경찰서,20190302,354,172949.16,646723.68,929801.28,473828.48,122223.35,303803.58,463961.16,456497.2,435014.75,322182.54,119729.55
서울강서경찰서,20190301,327,220597.61,649993.61,923314.7,493851.41,125323.8,309957.92,473007,471670.9,454911.8,331404.9,121588.44
서울강서경찰서,20190228,379,218572.15,816597.61,883352.77,517566.6,90717.09,309847.12,510417.36,545948.78,494100.88,355207.08,129917.87
서울강서경찰서,20190227,397,214791.85,811632.15,901135.4,513990.91,91055.44,308419.06,505937.86,546303.55,500528.95,356809.86,132579.54
서울강서경찰서,20190226,315,214348.04,823617.87,890463.82,500554.62,91041.07,306503.3,499582.27,543592.81,496905.05,359226.07,132207.21
서울강서경찰서,20190225,275,214520.15,806880.9,860310.51,474784.56,84894.95,306504.22,489524.34,524168.98,481035.9,343228.48,127222.41
서울강서경찰서,20190224,314,149812.6,541418.3,816823,388273.09,112742.5,268714.18,396384.31,378494.69,363116.29,273018.69,103928.73
서울강서경찰서,20190223,430,191021.33,689772.89,968109.38,451935.94,120854.76,310347.95,481378.85,476642.2,455781.95,334194.62,121702.85
서울강서경찰서,20190222,331,210147.69,806215,928109.98,547351.79,90463.71,320407.58,520128.66,556500.72,509120.68,363774.02,131494.76
서울강서경찰서,20190221,342,211998.85,803480.86,881297.12,501690.99,87073.92,305378.38,495844.99,536075.64,494394.15,350905.24,128872.57
서울강서경찰서,20190220,337,207263.76,782002.03,854546.96,487051.77,84862.45,297339.14,484692.29,521201.63,477913.54,340150.21,124776.79
서울강서경찰서,20190219,289,209759.5,670568.15,753102.94,451382.65,78533.12,281196.43,436748.73,465460,423020.56,296478.03,103441.81
서울강서경찰서,20190218,304,210750.03,792886.25,849108.08,458175.03,83243.28,298789.08,477728.54,516984.97,472141.25,336798.61,125303.35
서울강서경찰서,20190217,302,146099.46,512331.57,756221.38,374213.85,105777.59,257018.57,373236.73,354077.91,340945.25,260013.59,97868.46
서울강서경찰서,20190216,395,184320.5,642613.17,891832.3,459593.34,111013.11,302968.56,456874.38,446891.23,430515.04,317519.59,112651.36
서울강서경찰서,20190215,328,204572.69,836472.29,854295.82,502438.07,97347.97,314544.76,502822.14,541361.16,486929.69,336356.87,118485.61
서울강서경찰서,20190214,345,194702.23,734825.81,826435.37,473163.53,84378.76,292028.69,464901.57,491337.35,453510.8,323668.38,119381.87
서울강서경찰서,20190213,285,208554.61,788039.36,844689.95,482748.27,84641.48,302374.27,483525.81,516305.53,474316.32,338563.72,124385.79
서울강서경찰서,20190212,285,204584.34,774240.13,846224.21,475006.14,83007.97,297907.2,474338.76,510177.9,470250.65,338450,126002.2
서울강서경찰서,20190211,276,205344.31,764915.76,819478.96,453989.16,78088.15,297590.33,466801.78,497480.09,454474.52,328021.18,121347.92
서울강서경찰서,20190210,263,138378.43,459288.71,690117.8,344379.78,97434.28,242846.56,342023.88,319593.06,307781.22,234492.7,88066.8
서울강서경찰서,20190209,285,171705.84,590107.14,795885.23,426430.22,103030.57,277006.61,419683.14,409653.43,387500.31,284595.95,102727.01
서울강서경찰서,20190208,281,190225.36,714101.86,822959.56,491259.15,83199.14,296275.63,473250.41,491162.88,445536.89,316450.13,112738.87
서울강서경찰서,20190207,264,177405.39,666170.52,771573.42,444635.91,81683.54,278678.95,433958.1,446598.99,412627.42,296431.42,109891.07
서울강서경찰서,20190206,295,121334.46,431051.87,705495.87,358212.09,108285.05,238128.08,341349.47,327784.61,299899.91,218651.68,82082.57
서울강서경찰서,20190205,238,203302.08,763872.44,838484.01,472068.38,76902.52,291306.26,472381.72,508918.07,468203.06,336508.27,123586.67
서울강서경찰서,20190204,251,113374.22,430840.16,565170.22,296707.87,84259.04,197594.74,300295.23,284325.06,267971,198177.09,73560.54
서울강서경찰서,20190203,306,134496.03,431961.63,625409.87,313273.94,87100.76,215313.15,320634.08,303231.15,288639.78,212519.73,77783.67
서울강서경찰서,20190202,390,172679.11,558985.13,749160.4,388452.9,93704.2,256066.67,393466.98,378850.1,369363.33,277908.25,99991.58
서울강서경찰서,20190201,335,202080.62,767095.3,866139.36,493496.67,88048.72,301570.5,494789.33,517907.72,469400.55,336787.01,120375.01
서울강서경찰서,20190131,336,199820.36,753167.84,842313.16,486261.86,82616.35,295207.08,479592.63,503876.07,464285.3,333880.94,122190.29
서울강서경찰서,20190130,282,196448.13,753854.15,843180.66,479434.8,77420.07,285233.14,473789.86,512754.57,467556.94,333362.15,122881.78
서울강서경찰서,20190129,316,202019.69,753504.58,830743.55,469130.45,70797.07,284705.31,470424.66,507658.22,466155.44,334566.52,121171.07
서울강서경찰서,20190128,284,205218.28,803116.23,835237.68,454482.04,72726.47,295430.46,481839.52,512982.63,472677.68,337647.84,124825.68
서울강서경찰서,20190127,274,142633.57,484812.79,746625.96,361199.45,96019.47,250909.37,364023.28,345469.58,330912,252610.16,95421.49
서울강서경찰서,20190126,303,181563.21,640835.03,898121.47,452529.53,107106.46,291204.62,462788.61,452457.69,429498.41,317666.87,112404.64
서울강서경찰서,20190125,305,222433.78,834933.13,924201.35,530718.53,83950.06,318649.79,530465.68,560374.17,514607.33,369757.33,134563.69
서울강서경찰서,20190124,320,222235.19,840165.01,913052.63,527887.62,83549.07,311735.16,525227.08,561153.06,515943.15,371330.36,134489.46
서울강서경찰서,20190123,319,220722.79,836450.36,861841.06,482430.69,81089.98,297566.04,499142.93,540757.46,496825.27,356808.97,129335.32
서울강서경찰서,20190122,284,223025.37,844695.31,922768.73,509278.23,87284.11,313764.55,518547.71,559673.73,513881.09,370846.66,135856.74
서울강서경찰서,20190121,279,177124.1,660156.54,789583.57,438260.82,68379.56,267753.62,434856.11,461744,423211.56,300195.62,109067.35
서울강서경찰서,20190120,303,159828.02,528438.54,790134.49,397974.27,107285.3,265933.89,400491.53,372319.94,359581.55,270123.34,100736.44
서울강서경찰서,20190119,318,203668.95,660335.28,927775.96,487594.94,113219.05,305723.75,486099.56,472289.82,450819.19,331656.66,119639.24
서울강서경찰서,20190118,299,223900.68,843604.19,954955.96,567275.69,90194.95,329855.69,547352.17,576623.29,532786.66,376531.59,136472.58
서울강서경찰서,20190117,277,230083.76,856074.76,904551.62,521284.91,89276.48,314235.82,525070.78,563193.42,516005.48,370765.78,133526.13
서울강서경찰서,20190116,267,216120.96,823249.72,902826.69,508193.16,85339.17,307395.09,516073,551547.38,503881,357753.07,128478.74
서울강서경찰서,20190115,323,219677.49,810288.01,883295.58,507705.54,84323.68,305619.34,503244.8,542980.13,500570.77,357398.35,126913.13
서울강서경찰서,20190114,252,217682.22,800028.86,845025.33,379642.7,79234.79,286371.4,467946.82,497747.1,459882.72,329837.01,121444.28
서울강서경찰서,20190113,356,154533.8,506112.89,767883.71,383581.56,103497.05,256635.89,384392.96,359386.3,346354.1,262906.49,99034.73
서울강서경찰서,20190112,299,202837.54,670373.61,933965.18,474893.45,111552.01,307405.45,482639.96,471652.66,454384.91,333592.74,120935.1
서울강서경찰서,20190111,338,204692.63,745001.43,937205.76,550494.79,88205.46,311041.59,515614.58,543213.19,495720.52,355172.36,128504.55
서울강서경찰서,20190110,302,217702.95,786094.27,872471.27,506361.79,85757.73,297900.46,495755.54,533556.56,491219.45,350648.79,127880.64
서울강서경찰서,20190109,263,211493.26,792994.98,824461.54,495072.59,85521.01,293011.82,488127.46,521275.1,479379.26,338216.47,118576.7
서울강서경찰서,20190108,267,217257.61,802252.99,866552.82,452035.7,83765.52,294804.92,484004.25,520482.58,483269.25,346872.3,124982.14
서울강서경찰서,20190107,270,214685.99,783709.96,812145.01,462979.17,83073.1,294887.22,476989.88,503138.33,463705.42,330068.81,121741.49
서울강서경찰서,20190106,272,149239.36,483787.11,745632.8,369188.66,99708.71,247337.83,368294.34,346452.61,333126.53,255689.57,97332.97
서울강서경찰서,20190105,351,194983.59,623055.06,866540.35,455102.76,102747.45,289032.23,450791.76,442131.41,423418.78,319124.28,112526.72
서울강서경찰서,20190104,273,203558.41,751581.79,916951.05,540840.15,98628.16,319755.97,515919.88,536504.37,490519.75,336288.75,115386.07
서울강서경찰서,20190103,290,225210.38,794208.19,872738.8,496865.4,85833.08,301935.72,499199.31,535543.92,491728.62,349682.16,125179.2
서울강서경찰서,20190102,259,204381.98,773489.25,843590.48,470162.77,101117.06,320840.91,500290.79,506506.58,459382.56,300630.88,102946.68
서울강서경찰서,20190101,335,202187.52,454058.05,710494.92,389977.23,128396.58,275047.54,382382.31,345729.42,331442.73,219341.37,74469.91
